Provincia;Codice ISTAT Comune;Anno;Densita
TORINO;1272;2000;6932.1
TORINO;1272;2001;6782.1
TORINO;1272;2002;6631.0
TORINO;1272;2003;6643.2
TORINO;1272;2004;6799.2
TORINO;1272;2005;6925.0
TORINO;1272;2006;6918.6
TORINO;1272;2007;6948.0
TORINO;1272;2008;6979.7
TORINO;1272;2009;6984.6
TORINO;1272;2010;6979.7
TORINO;1272;2011;6965.3
VERCELLI;2158;2000;600.7
VERCELLI;2158;2001;582.9
VERCELLI;2158;2002;563.1
VERCELLI;2158;2003;562.0
VERCELLI;2158;2004;562.7
VERCELLI;2158;2005;561.5
VERCELLI;2158;2006;558.5
VERCELLI;2158;2007;557.1
VERCELLI;2158;2008;573.4
VERCELLI;2158;2009;589.0
VERCELLI;2158;2010;588.3
VERCELLI;2158;2011;588.9
NOVARA;3106;2000;991.5
NOVARA;3106;2001;986.1
NOVARA;3106;2002;981.1
NOVARA;3106;2003;987.6
NOVARA;3106;2004;995.3
NOVARA;3106;2005;998.0
NOVARA;3106;2006;997.2
NOVARA;3106;2007;997.5
NOVARA;3106;2008;1002.4
NOVARA;3106;2009;1009.6
NOVARA;3106;2010;1016.5
NOVARA;3106;2011;1020.4
CUNEO;4078;2000;455.6
CUNEO;4078;2001;446.1
CUNEO;4078;2002;446.2
CUNEO;4078;2003;456.8
CUNEO;4078;2004;457.9
CUNEO;4078;2005;457.7
CUNEO;4078;2006;456.7
CUNEO;4078;2007;457.4
CUNEO;4078;2008;459.5
CUNEO;4078;2009;461.6
CUNEO;4078;2010;463.7
CUNEO;4078;2011;466.0
ASTI;5005;2000;481.9
ASTI;5005;2001;475.6
ASTI;5005;2002;470.2
ASTI;5005;2003;476.4
ASTI;5005;2004;482.7
ASTI;5005;2005;484.7
ASTI;5005;2006;486.1
ASTI;5005;2007;488.8
ASTI;5005;2008;493.5
ASTI;5005;2009;498.0
ASTI;5005;2010;502.1
ASTI;5005;2011;505.0
ALESSANDRIA;6003;2000;442.1
ALESSANDRIA;6003;2001;430.1
ALESSANDRIA;6003;2002;418.2
ALESSANDRIA;6003;2003;419.4
ALESSANDRIA;6003;2004;432.6
ALESSANDRIA;6003;2005;446.5
ALESSANDRIA;6003;2006;449.4
ALESSANDRIA;6003;2007;452.5
ALESSANDRIA;6003;2008;457.3
ALESSANDRIA;6003;2009;460.6
ALESSANDRIA;6003;2010;463.8
ALESSANDRIA;6003;2011;466.2
AOSTA;7003;2000;1622.7
AOSTA;7003;2001;1606.4
AOSTA;7003;2002;1596.3
AOSTA;7003;2003;1600.1
AOSTA;7003;2004;1601.9
AOSTA;7003;2005;1610.9
AOSTA;7003;2006;1620.3
AOSTA;7003;2007;1623.0
AOSTA;7003;2008;1630.2
AOSTA;7003;2009;1638.4
AOSTA;7003;2010;1640.0
AOSTA;7003;2011;1637.6
IMPERIA;8031;2000;893.2
IMPERIA;8031;2001;876.6
IMPERIA;8031;2002;862.5
IMPERIA;8031;2003;870.3
IMPERIA;8031;2004;880.4
IMPERIA;8031;2005;892.9
IMPERIA;8031;2006;899.6
IMPERIA;8031;2007;906.2
IMPERIA;8031;2008;915.8
IMPERIA;8031;2009;924.8
IMPERIA;8031;2010;932.9
IMPERIA;8031;2011;939.4
SAVONA;9056;2000;948.7
SAVONA;9056;2001;929.6
SAVONA;9056;2002;930.2
SAVONA;9056;2003;944.9
SAVONA;9056;2004;943.0
SAVONA;9056;2005;942.1
SAVONA;9056;2006;942.0
SAVONA;9056;2007;943.2
SAVONA;9056;2008;947.9
SAVONA;9056;2009;952.3
SAVONA;9056;2010;953.8
SAVONA;9056;2011;952.7
GENOVA;10025;2000;2603.6
GENOVA;10025;2001;2548.8
GENOVA;10025;2002;2492.1
GENOVA;10025;2003;2475.5
GENOVA;10025;2004;2476.2
GENOVA;10025;2005;2515.2
GENOVA;10025;2006;2537.0
GENOVA;10025;2007;2517.6
GENOVA;10025;2008;2508.3
GENOVA;10025;2009;2506.0
GENOVA;10025;2010;2499.3
GENOVA;10025;2011;2493.6
LA SPEZIA;11015;2000;1853.0
LA SPEZIA;11015;2001;1813.7
LA SPEZIA;11015;2002;1770.5
LA SPEZIA;11015;2003;1783.4
LA SPEZIA;11015;2004;1811.7
LA SPEZIA;11015;2005;1821.3
LA SPEZIA;11015;2006;1821.2
LA SPEZIA;11015;2007;1824.8
LA SPEZIA;11015;2008;1836.2
LA SPEZIA;11015;2009;1845.9
LA SPEZIA;11015;2010;1846.0
LA SPEZIA;11015;2011;1842.8
VARESE;12133;2000;1525.8
VARESE;12133;2001;1495.7
VARESE;12133;2002;1459.9
VARESE;12133;2003;1456.4
VARESE;12133;2004;1490.2
VARESE;12133;2005;1514.8
VARESE;12133;2006;1502.1
VARESE;12133;2007;1495.1
VARESE;12133;2008;1493.1
VARESE;12133;2009;1490.8
VARESE;12133;2010;1487.1
VARESE;12133;2011;1484.1
COMO;13075;2000;2221.2
COMO;13075;2001;2161.7
COMO;13075;2002;2109.8
COMO;13075;2003;2136.1
COMO;13075;2004;2189.7
COMO;13075;2005;2223.1
COMO;13075;2006;2226.4
COMO;13075;2007;2228.7
COMO;13075;2008;2239.7
COMO;13075;2009;2261.6
COMO;13075;2010;2277.4
COMO;13075;2011;2294.8
SONDRIO;14061;2000;1077.5
SONDRIO;14061;2001;1067.0
SONDRIO;14061;2002;1056.1
SONDRIO;14061;2003;1056.9
SONDRIO;14061;2004;1062.2
SONDRIO;14061;2005;1068.9
SONDRIO;14061;2006;1073.5
SONDRIO;14061;2007;1081.6
SONDRIO;14061;2008;1089.7
SONDRIO;14061;2009;1092.5
SONDRIO;14061;2010;1093.9
SONDRIO;14061;2011;1093.7
MILANO;15146;2000;7139.8
MILANO;15146;2001;7016.7
MILANO;15146;2002;6867.0
MILANO;15146;2003;6917.5
MILANO;15146;2004;7061.4
MILANO;15146;2005;7162.6
MILANO;15146;2006;7173.5
MILANO;15146;2007;7148.5
MILANO;15146;2008;7127.3
MILANO;15146;2009;7148.9
MILANO;15146;2010;7226.9
MILANO;15146;2011;7325.0
BERGAMO;16024;2000;2970.4
BERGAMO;16024;2001;2907.6
BERGAMO;16024;2002;2857.1
BERGAMO;16024;2003;2873.8
BERGAMO;16024;2004;2912.9
BERGAMO;16024;2005;2938.2
BERGAMO;16024;2006;2927.3
BERGAMO;16024;2007;2922.1
BERGAMO;16024;2008;2935.1
BERGAMO;16024;2009;2963.3
BERGAMO;16024;2010;2999.6
BERGAMO;16024;2011;3028.9
BRESCIA;17029;2000;2128.4
BRESCIA;17029;2001;2105.7
BRESCIA;17029;2002;2066.5
BRESCIA;17029;2003;2088.2
BRESCIA;17029;2004;2113.4
BRESCIA;17029;2005;2113.1
BRESCIA;17029;2006;2101.4
BRESCIA;17029;2007;2094.1
BRESCIA;17029;2008;2098.5
BRESCIA;17029;2009;2108.9
BRESCIA;17029;2010;2125.6
BRESCIA;17029;2011;2140.4
PAVIA;18110;2000;1174.4
PAVIA;18110;2001;1155.4
PAVIA;18110;2002;1136.2
PAVIA;18110;2003;1138.6
PAVIA;18110;2004;1138.6
PAVIA;18110;2005;1133.9
PAVIA;18110;2006;1127.4
PAVIA;18110;2007;1120.6
PAVIA;18110;2008;1119.3
PAVIA;18110;2009;1127.1
PAVIA;18110;2010;1132.1
PAVIA;18110;2011;1133.4
CREMONA;19036;2000;1016.0
CREMONA;19036;2001;1011.3
CREMONA;19036;2002;1007.2
CREMONA;19036;2003;1010.9
CREMONA;19036;2004;1015.7
CREMONA;19036;2005;1014.7
CREMONA;19036;2006;1010.1
CREMONA;19036;2007;1014.9
CREMONA;19036;2008;1024.8
CREMONA;19036;2009;1026.5
CREMONA;19036;2010;1025.7
CREMONA;19036;2011;1025.2
MANTOVA;20030;2000;752.4
MANTOVA;20030;2001;748.2
MANTOVA;20030;2002;747.1
MANTOVA;20030;2003;747.6
MANTOVA;20030;2004;749.8
MANTOVA;20030;2005;748.6
MANTOVA;20030;2006;746.3
MANTOVA;20030;2007;746.1
MANTOVA;20030;2008;750.4
MANTOVA;20030;2009;755.7
MANTOVA;20030;2010;757.7
MANTOVA;20030;2011;761.7
BOLZANO;21008;2000;1858.7
BOLZANO;21008;2001;1836.0
BOLZANO;21008;2002;1817.8
BOLZANO;21008;2003;1829.7
BOLZANO;21008;2004;1847.3
BOLZANO;21008;2005;1871.7
BOLZANO;21008;2006;1895.7
BOLZANO;21008;2007;1914.6
BOLZANO;21008;2008;1935.3
BOLZANO;21008;2009;1959.2
BOLZANO;21008;2010;1979.4
BOLZANO;21008;2011;1995.7
TRENTO;22205;2000;667.6
TRENTO;22205;2001;668.0
TRENTO;22205;2002;668.8
TRENTO;22205;2003;680.0
TRENTO;22205;2004;692.5
TRENTO;22205;2005;700.3
TRENTO;22205;2006;705.3
TRENTO;22205;2007;710.3
TRENTO;22205;2008;718.3
TRENTO;22205;2009;727.4
TRENTO;22205;2010;733.9
TRENTO;22205;2011;738.9
VERONA;23091;2000;1240.6
VERONA;23091;2001;1235.8
VERONA;23091;2002;1232.4
VERONA;23091;2003;1244.0
VERONA;23091;2004;1251.1
VERONA;23091;2005;1254.2
VERONA;23091;2006;1258.2
VERONA;23091;2007;1269.8
VERONA;23091;2008;1281.1
VERONA;23091;2009;1281.7
VERONA;23091;2010;1278.3
VERONA;23091;2011;1277.6
VICENZA;24116;2000;1368.3
VICENZA;24116;2001;1353.3
VICENZA;24116;2002;1349.6
VICENZA;24116;2003;1374.1
VICENZA;24116;2004;1395.6
VICENZA;24116;2005;1413.2
VICENZA;24116;2006;1418.0
VICENZA;24116;2007;1417.3
VICENZA;24116;2008;1421.9
VICENZA;24116;2009;1430.8
VICENZA;24116;2010;1436.5
VICENZA;24116;2011;1437.2
BELLUNO;25006;2000;238.3
BELLUNO;25006;2001;238.3
BELLUNO;25006;2002;239.1
BELLUNO;25006;2003;240.1
BELLUNO;25006;2004;241.1
BELLUNO;25006;2005;242.8
BELLUNO;25006;2006;244.1
BELLUNO;25006;2007;245.8
BELLUNO;25006;2008;247.6
BELLUNO;25006;2009;248.4
BELLUNO;25006;2010;248.7
BELLUNO;25006;2011;248.6
TREVISO;26086;2000;1479.5
TREVISO;26086;2001;1465.3
TREVISO;26086;2002;1449.5
TREVISO;26086;2003;1461.3
TREVISO;26086;2004;1474.1
TREVISO;26086;2005;1482.1
TREVISO;26086;2006;1478.9
TREVISO;26086;2007;1472.1
TREVISO;26086;2008;1476.1
TREVISO;26086;2009;1481.2
TREVISO;26086;2010;1486.6
TREVISO;26086;2011;1498.3
VENEZIA;27042;2000;669.9
VENEZIA;27042;2000;669.9
VENEZIA;27042;2001;662.2
VENEZIA;27042;2001;662.2
VENEZIA;27042;2002;652.4
VENEZIA;27042;2002;652.4
VENEZIA;27042;2003;650.6
VENEZIA;27042;2003;650.6
VENEZIA;27042;2004;652.6
VENEZIA;27042;2004;652.6
VENEZIA;27042;2005;650.4
VENEZIA;27042;2005;650.4
VENEZIA;27042;2006;647.6
VENEZIA;27042;2006;647.6
VENEZIA;27042;2007;646.6
VENEZIA;27042;2007;646.6
VENEZIA;27042;2008;648.0
VENEZIA;27042;2008;648.0
VENEZIA;27042;2009;650.2
VENEZIA;27042;2009;650.2
VENEZIA;27042;2010;651.2
VENEZIA;27042;2010;651.2
VENEZIA;27042;2011;650.9
VENEZIA;27042;2011;650.9
PADOVA;28060;2000;2267.3
PADOVA;28060;2001;2230.1
PADOVA;28060;2002;2208.6
PADOVA;28060;2003;2232.5
PADOVA;28060;2004;2260.4
PADOVA;28060;2005;2271.4
PADOVA;28060;2006;2268.6
PADOVA;28060;2007;2264.3
PADOVA;28060;2008;2273.1
PADOVA;28060;2009;2288.2
PADOVA;28060;2010;2300.4
PADOVA;28060;2011;2306.4
ROVIGO;29041;2000;466.2
ROVIGO;29041;2001;464.6
ROVIGO;29041;2002;463.5
ROVIGO;29041;2003;465.8
ROVIGO;29041;2004;468.1
ROVIGO;29041;2005;469.5
ROVIGO;29041;2006;470.9
ROVIGO;29041;2007;473.3
ROVIGO;29041;2008;476.5
ROVIGO;29041;2009;478.8
ROVIGO;29041;2010;483.1
ROVIGO;29041;2011;488.9
UDINE;30129;2000;1679.5
UDINE;30129;2001;1682.7
UDINE;30129;2002;1687.7
UDINE;30129;2003;1695.2
UDINE;30129;2004;1699.3
UDINE;30129;2005;1703.6
UDINE;30129;2006;1706.6
UDINE;30129;2007;1717.2
UDINE;30129;2008;1737.7
UDINE;30129;2009;1751.5
UDINE;30129;2010;1756.4
UDINE;30129;2011;1760.5
GORIZIA;31007;2000;903.2
GORIZIA;31007;2001;884.3
GORIZIA;31007;2002;868.5
GORIZIA;31007;2003;873.4
GORIZIA;31007;2004;883.7
GORIZIA;31007;2005;888.3
GORIZIA;31007;2006;882.9
GORIZIA;31007;2007;879.1
GORIZIA;31007;2008;876.6
GORIZIA;31007;2009;875.0
GORIZIA;31007;2010;873.0
GORIZIA;31007;2011;871.0
TRIESTE;32006;2000;2553.9
TRIESTE;32006;2001;2520.9
TRIESTE;32006;2002;2488.1
TRIESTE;32006;2003;2472.9
TRIESTE;32006;2004;2458.2
TRIESTE;32006;2005;2444.8
TRIESTE;32006;2006;2434.7
TRIESTE;32006;2007;2430.6
TRIESTE;32006;2008;2430.5
TRIESTE;32006;2009;2431.4
TRIESTE;32006;2010;2432.6
TRIESTE;32006;2011;2430.6
PIACENZA;33032;2000;830.6
PIACENZA;33032;2001;818.7
PIACENZA;33032;2002;814.0
PIACENZA;33032;2003;826.8
PIACENZA;33032;2004;834.6
PIACENZA;33032;2005;837.8
PIACENZA;33032;2006;839.8
PIACENZA;33032;2007;843.8
PIACENZA;33032;2008;852.9
PIACENZA;33032;2009;863.0
PIACENZA;33032;2010;869.0
PIACENZA;33032;2011;873.9
PARMA;34027;2000;649.5
PARMA;34027;2001;640.1
PARMA;34027;2002;629.9
PARMA;34027;2003;631.3
PARMA;34027;2004;650.0
PARMA;34027;2005;671.6
PARMA;34027;2006;676.6
PARMA;34027;2007;682.2
PARMA;34027;2008;692.4
PARMA;34027;2009;703.4
PARMA;34027;2010;711.7
PARMA;34027;2011;719.8
REGGIO NELL'EMILIA;35033;2000;625.7
REGGIO NELL'EMILIA;35033;2001;622.6
REGGIO NELL'EMILIA;35033;2002;618.7
REGGIO NELL'EMILIA;35033;2003;628.4
REGGIO NELL'EMILIA;35033;2004;651.9
REGGIO NELL'EMILIA;35033;2005;674.9
REGGIO NELL'EMILIA;35033;2006;684.9
REGGIO NELL'EMILIA;35033;2007;695.5
REGGIO NELL'EMILIA;35033;2008;707.8
REGGIO NELL'EMILIA;35033;2009;719.4
REGGIO NELL'EMILIA;35033;2010;729.3
REGGIO NELL'EMILIA;35033;2011;738.0
MODENA;36023;2000;965.8
MODENA;36023;2001;964.6
MODENA;36023;2002;962.3
MODENA;36023;2003;970.0
MODENA;36023;2004;979.6
MODENA;36023;2005;984.0
MODENA;36023;2006;983.9
MODENA;36023;2007;982.4
MODENA;36023;2008;987.1
MODENA;36023;2009;995.8
MODENA;36023;2010;1003.6
MODENA;36023;2011;1010.6
BOLOGNA;37006;2000;2704.2
BOLOGNA;37006;2001;2665.8
BOLOGNA;37006;2002;2641.2
BOLOGNA;37006;2003;2652.4
BOLOGNA;37006;2004;2657.4
BOLOGNA;37006;2005;2658.2
BOLOGNA;37006;2006;2653.2
BOLOGNA;37006;2007;2647.9
BOLOGNA;37006;2008;2654.7
BOLOGNA;37006;2009;2672.4
BOLOGNA;37006;2010;2691.0
BOLOGNA;37006;2011;2710.7
FERRARA;38008;2000;326.2
FERRARA;38008;2001;324.9
FERRARA;38008;2002;323.0
FERRARA;38008;2003;323.1
FERRARA;38008;2004;325.3
FERRARA;38008;2005;326.9
FERRARA;38008;2006;328.5
FERRARA;38008;2007;329.9
FERRARA;38008;2008;331.5
FERRARA;38008;2009;333.2
FERRARA;38008;2010;334.3
FERRARA;38008;2011;334.9
RAVENNA;39014;2000;213.0
RAVENNA;39014;2001;210.1
RAVENNA;39014;2002;207.7
RAVENNA;39014;2003;211.1
RAVENNA;39014;2004;219.0
RAVENNA;39014;2005;226.7
RAVENNA;39014;2006;229.9
RAVENNA;39014;2007;233.2
RAVENNA;39014;2008;236.9
RAVENNA;39014;2009;240.1
RAVENNA;39014;2010;242.2
RAVENNA;39014;2011;243.9
FORLI';40012;2000;471.8
FORLI';40012;2001;473.5
FORLI';40012;2002;476.3
FORLI';40012;2003;480.6
FORLI';40012;2004;485.8
FORLI';40012;2005;490.8
FORLI';40012;2006;495.4
FORLI';40012;2007;500.2
FORLI';40012;2008;505.9
FORLI';40012;2009;512.2
FORLI';40012;2010;516.5
FORLI';40012;2011;519.6
PESARO;41044;2000;704.7
PESARO;41044;2001;712.9
PESARO;41044;2002;720.8
PESARO;41044;2003;724.9
PESARO;41044;2004;727.2
PESARO;41044;2005;726.6
PESARO;41044;2006;727.4
PESARO;41044;2007;733.5
PESARO;41044;2008;741.4
PESARO;41044;2009;746.5
PESARO;41044;2010;749.8
PESARO;41044;2011;751.4
ANCONA;42002;2000;795.1
ANCONA;42002;2001;804.9
ANCONA;42002;2002;814.5
ANCONA;42002;2003;817.8
ANCONA;42002;2004;821.8
ANCONA;42002;2005;823.1
ANCONA;42002;2006;821.8
ANCONA;42002;2007;820.1
ANCONA;42002;2008;822.4
ANCONA;42002;2009;826.8
ANCONA;42002;2010;830.6
ANCONA;42002;2011;832.7
MACERATA;43023;2000;451.5
MACERATA;43023;2001;446.2
MACERATA;43023;2002;442.3
MACERATA;43023;2003;447.2
MACERATA;43023;2004;454.0
MACERATA;43023;2005;458.6
MACERATA;43023;2006;459.7
MACERATA;43023;2007;460.8
MACERATA;43023;2008;463.2
MACERATA;43023;2009;463.8
MACERATA;43023;2010;463.8
MACERATA;43023;2011;464.0
ASCOLI PICENO;44007;2000;325.4
ASCOLI PICENO;44007;2001;321.4
ASCOLI PICENO;44007;2002;320.0
ASCOLI PICENO;44007;2003;320.8
ASCOLI PICENO;44007;2004;322.3
ASCOLI PICENO;44007;2005;322.6
ASCOLI PICENO;44007;2006;321.6
ASCOLI PICENO;44007;2007;321.3
ASCOLI PICENO;44007;2008;321.4
ASCOLI PICENO;44007;2009;320.1
ASCOLI PICENO;44007;2010;318.9
ASCOLI PICENO;44007;2011;317.5
MASSA;45010;2000;723.1
MASSA;45010;2001;716.8
MASSA;45010;2002;710.1
MASSA;45010;2003;714.8
MASSA;45010;2004;726.9
MASSA;45010;2005;736.6
MASSA;45010;2006;738.5
MASSA;45010;2007;741.3
MASSA;45010;2008;747.4
MASSA;45010;2009;752.1
MASSA;45010;2010;753.8
MASSA;45010;2011;755.1
LUCCA;46017;2000;460.8
LUCCA;46017;2001;451.1
LUCCA;46017;2002;441.4
LUCCA;46017;2003;441.6
LUCCA;46017;2004;443.6
LUCCA;46017;2005;444.7
LUCCA;46017;2006;443.8
LUCCA;46017;2007;445.9
LUCCA;46017;2008;451.2
LUCCA;46017;2009;455.0
LUCCA;46017;2010;457.0
LUCCA;46017;2011;459.0
PISTOIA;47014;2000;362.7
PISTOIA;47014;2001;359.2
PISTOIA;47014;2002;355.7
PISTOIA;47014;2003;356.4
PISTOIA;47014;2004;358.6
PISTOIA;47014;2005;361.6
PISTOIA;47014;2006;364.2
PISTOIA;47014;2007;371.5
PISTOIA;47014;2008;378.8
PISTOIA;47014;2009;380.4
PISTOIA;47014;2010;381.0
PISTOIA;47014;2011;381.3
FIRENZE;48017;2000;3667.4
FIRENZE;48017;2001;3563.2
FIRENZE;48017;2002;3457.9
FIRENZE;48017;2003;3516.3
FIRENZE;48017;2004;3590.1
FIRENZE;48017;2005;3588.3
FIRENZE;48017;2006;3578.1
FIRENZE;48017;2007;3567.4
FIRENZE;48017;2008;3565.9
FIRENZE;48017;2009;3586.4
FIRENZE;48017;2010;3613.8
FIRENZE;48017;2011;3633.2
LIVORNO;49009;2000;1544.8
LIVORNO;49009;2001;1525.4
LIVORNO;49009;2002;1499.6
LIVORNO;49009;2003;1496.1
LIVORNO;49009;2004;1495.0
LIVORNO;49009;2005;1517.4
LIVORNO;49009;2006;1539.0
LIVORNO;49009;2007;1541.0
LIVORNO;49009;2008;1543.8
LIVORNO;49009;2009;1542.8
LIVORNO;49009;2010;1543.0
LIVORNO;49009;2011;1545.2
PISA;50026;2000;495.1
PISA;50026;2001;490.3
PISA;50026;2002;482.4
PISA;50026;2003;480.7
PISA;50026;2004;479.1
PISA;50026;2005;475.7
PISA;50026;2006;472.5
PISA;50026;2007;471.7
PISA;50026;2008;472.3
PISA;50026;2009;472.3
PISA;50026;2010;474.5
PISA;50026;2011;475.7
AREZZO;51002;2000;239.3
AREZZO;51002;2001;238.4
AREZZO;51002;2002;238.0
AREZZO;51002;2003;241.1
AREZZO;51002;2004;243.9
AREZZO;51002;2005;245.8
AREZZO;51002;2006;247.3
AREZZO;51002;2007;250.3
AREZZO;51002;2008;254.1
AREZZO;51002;2009;256.7
AREZZO;51002;2010;258.5
AREZZO;51002;2011;260.0
SIENA;52032;2000;457.5
SIENA;52032;2001;450.5
SIENA;52032;2002;443.8
SIENA;52032;2003;451.3
SIENA;52032;2004;458.5
SIENA;52032;2005;457.6
SIENA;52032;2006;454.7
SIENA;52032;2007;453.6
SIENA;52032;2008;455.1
SIENA;52032;2009;457.3
SIENA;52032;2010;458.9
SIENA;52032;2011;459.5
GROSSETO;53011;2000;153.1
GROSSETO;53011;2001;151.5
GROSSETO;53011;2002;150.2
GROSSETO;53011;2003;153.0
GROSSETO;53011;2004;156.8
GROSSETO;53011;2005;159.6
GROSSETO;53011;2006;162.0
GROSSETO;53011;2007;164.7
GROSSETO;53011;2008;167.3
GROSSETO;53011;2009;169.4
GROSSETO;53011;2010;171.4
GROSSETO;53011;2011;173.0
PERUGIA;54039;2000;350.0
PERUGIA;54039;2001;341.9
PERUGIA;54039;2002;333.6
PERUGIA;54039;2003;338.6
PERUGIA;54039;2004;346.4
PERUGIA;54039;2005;354.8
PERUGIA;54039;2006;359.3
PERUGIA;54039;2007;361.4
PERUGIA;54039;2008;365.1
PERUGIA;54039;2009;368.8
PERUGIA;54039;2010;372.1
PERUGIA;54039;2011;375.0
TERNI;55032;2000;508.5
TERNI;55032;2001;501.8
TERNI;55032;2002;497.0
TERNI;55032;2003;505.2
TERNI;55032;2004;513.0
TERNI;55032;2005;515.7
TERNI;55032;2006;517.7
TERNI;55032;2007;520.9
TERNI;55032;2008;526.1
TERNI;55032;2009;530.3
TERNI;55032;2010;533.4
TERNI;55032;2011;535.0
VITERBO;56059;2000;148.4
VITERBO;56059;2001;147.2
VITERBO;56059;2002;146.0
VITERBO;56059;2003;146.7
VITERBO;56059;2004;148.2
VITERBO;56059;2005;148.6
VITERBO;56059;2006;148.6
VITERBO;56059;2007;149.6
VITERBO;56059;2008;152.0
VITERBO;56059;2009;154.1
VITERBO;56059;2010;155.6
VITERBO;56059;2011;157.3
RIETI;57059;2000;223.8
RIETI;57059;2001;218.2
RIETI;57059;2002;213.6
RIETI;57059;2003;220.2
RIETI;57059;2004;226.0
RIETI;57059;2005;227.3
RIETI;57059;2006;227.9
RIETI;57059;2007;229.3
RIETI;57059;2008;230.7
RIETI;57059;2009;231.1
RIETI;57059;2010;231.3
RIETI;57059;2011;231.4
ROMA;58091;2000;2061.6
ROMA;58091;2000;2061.6
ROMA;58091;2001;2023.6
ROMA;58091;2001;2023.6
ROMA;58091;2002;1961.7
ROMA;58091;2002;1961.7
ROMA;58091;2003;1943.4
ROMA;58091;2003;1943.4
ROMA;58091;2004;1948.4
ROMA;58091;2004;1948.4
ROMA;58091;2005;1950.6
ROMA;58091;2005;1950.6
ROMA;58091;2006;2008.6
ROMA;58091;2006;2008.6
ROMA;58091;2007;2074.0
ROMA;58091;2007;2074.0
ROMA;58091;2008;2081.2
ROMA;58091;2008;2081.2
ROMA;58091;2009;2090.7
ROMA;58091;2009;2090.7
ROMA;58091;2010;2104.9
ROMA;58091;2010;2104.9
ROMA;58091;2011;2119.4
ROMA;58091;2011;2119.4
LATINA;59011;2000;412.4
LATINA;59011;2001;401.8
LATINA;59011;2002;390.9
LATINA;59011;2003;394.2
LATINA;59011;2004;399.5
LATINA;59011;2005;404.8
LATINA;59011;2006;408.6
LATINA;59011;2007;413.2
LATINA;59011;2008;418.7
LATINA;59011;2009;424.4
LATINA;59011;2010;429.1
LATINA;59011;2011;431.8
FROSINONE;60038;2000;1014.1
FROSINONE;60038;2001;1024.3
FROSINONE;60038;2002;1033.2
FROSINONE;60038;2003;1032.2
FROSINONE;60038;2004;1035.7
FROSINONE;60038;2005;1035.7
FROSINONE;60038;2006;1029.1
FROSINONE;60038;2007;1025.7
FROSINONE;60038;2008;1026.2
FROSINONE;60038;2009;1027.0
FROSINONE;60038;2010;1026.0
FROSINONE;60038;2011;1020.9
CASERTA;61022;2000;1384.3
CASERTA;61022;2001;1388.9
CASERTA;61022;2002;1389.3
CASERTA;61022;2003;1426.5
CASERTA;61022;2004;1469.6
CASERTA;61022;2005;1473.9
CASERTA;61022;2006;1471.5
CASERTA;61022;2007;1464.8
CASERTA;61022;2008;1462.3
CASERTA;61022;2009;1462.0
CASERTA;61022;2010;1459.5
CASERTA;61022;2011;1460.0
BENEVENTO;62008;2000;486.7
BENEVENTO;62008;2001;480.9
BENEVENTO;62008;2002;474.3
BENEVENTO;62008;2003;473.7
BENEVENTO;62008;2004;479.8
BENEVENTO;62008;2005;485.2
BENEVENTO;62008;2006;484.7
BENEVENTO;62008;2007;483.9
BENEVENTO;62008;2008;482.2
BENEVENTO;62008;2009;479.9
BENEVENTO;62008;2010;478.0
BENEVENTO;62008;2011;474.9
NAPOLI;63049;2000;8540.5
NAPOLI;63049;2001;8548.9
NAPOLI;63049;2002;8582.7
NAPOLI;63049;2003;8565.1
NAPOLI;63049;2004;8508.7
NAPOLI;63049;2005;8439.6
NAPOLI;63049;2006;8354.1
NAPOLI;63049;2007;8306.8
NAPOLI;63049;2008;8257.8
NAPOLI;63049;2009;8214.4
NAPOLI;63049;2010;8197.0
NAPOLI;63049;2011;8170.5
AVELLINO;64008;2000;1851.4
AVELLINO;64008;2001;1794.2
AVELLINO;64008;2002;1758.8
AVELLINO;64008;2003;1819.8
AVELLINO;64008;2004;1864.4
AVELLINO;64008;2005;1873.1
AVELLINO;64008;2006;1871.7
AVELLINO;64008;2007;1874.0
AVELLINO;64008;2008;1874.6
AVELLINO;64008;2009;1865.4
AVELLINO;64008;2010;1855.5
AVELLINO;64008;2011;1852.3
SALERNO;65116;2000;2397.2
SALERNO;65116;2001;2372.3
SALERNO;65116;2002;2339.1
SALERNO;65116;2003;2327.1
SALERNO;65116;2004;2310.9
SALERNO;65116;2005;2295.1
SALERNO;65116;2006;2269.4
SALERNO;65116;2007;2318.3
SALERNO;65116;2008;2383.6
SALERNO;65116;2009;2376.1
SALERNO;65116;2010;2363.7
SALERNO;65116;2011;2355.3
L'AQUILA;66049;2000;149.7
L'AQUILA;66049;2001;148.5
L'AQUILA;66049;2002;147.6
L'AQUILA;66049;2003;149.7
L'AQUILA;66049;2004;152.2
L'AQUILA;66049;2005;153.6
L'AQUILA;66049;2006;154.4
L'AQUILA;66049;2007;155.0
L'AQUILA;66049;2008;155.8
L'AQUILA;66049;2009;156.0
L'AQUILA;66049;2010;155.5
L'AQUILA;66049;2011;155.1
TERAMO;67041;2000;344.6
TERAMO;67041;2001;340.2
TERAMO;67041;2002;335.6
TERAMO;67041;2003;341.1
TERAMO;67041;2004;346.6
TERAMO;67041;2005;346.9
TERAMO;67041;2006;348.8
TERAMO;67041;2007;355.3
TERAMO;67041;2008;361.1
TERAMO;67041;2009;361.9
TERAMO;67041;2010;361.7
TERAMO;67041;2011;361.4
PESCARA;68028;2000;3437.6
PESCARA;68028;2001;3445.5
PESCARA;68028;2002;3546.8
PESCARA;68028;2003;3642.2
PESCARA;68028;2004;3654.9
PESCARA;68028;2005;3660.5
PESCARA;68028;2006;3657.9
PESCARA;68028;2007;3662.9
PESCARA;68028;2008;3672.1
PESCARA;68028;2009;3676.2
PESCARA;68028;2010;3677.0
PESCARA;68028;2011;3674.6
CHIETI;69022;2000;968.3
CHIETI;69022;2001;931.6
CHIETI;69022;2002;893.4
CHIETI;69022;2003;888.1
CHIETI;69022;2004;922.1
CHIETI;69022;2005;955.4
CHIETI;69022;2006;948.0
CHIETI;69022;2007;940.7
CHIETI;69022;2008;936.2
CHIETI;69022;2009;931.2
CHIETI;69022;2010;924.4
CHIETI;69022;2011;918.7
CAMPOBASSO;70006;2000;922.8
CAMPOBASSO;70006;2001;917.5
CAMPOBASSO;70006;2002;914.8
CAMPOBASSO;70006;2003;922.0
CAMPOBASSO;70006;2004;927.8
CAMPOBASSO;70006;2005;925.2
CAMPOBASSO;70006;2006;920.7
CAMPOBASSO;70006;2007;920.6
CAMPOBASSO;70006;2008;921.3
CAMPOBASSO;70006;2009;918.3
CAMPOBASSO;70006;2010;915.6
CAMPOBASSO;70006;2011;913.9
FOGGIA;71024;2000;302.8
FOGGIA;71024;2001;302.9
FOGGIA;71024;2002;305.4
FOGGIA;71024;2003;305.0
FOGGIA;71024;2004;304.8
FOGGIA;71024;2005;303.7
FOGGIA;71024;2006;302.5
FOGGIA;71024;2007;302.3
FOGGIA;71024;2008;302.0
FOGGIA;71024;2009;301.5
FOGGIA;71024;2010;301.0
FOGGIA;71024;2011;300.4
ANDRIA;72005;2000;232.3
ANDRIA;72005;2001;233.9
ANDRIA;72005;2002;235.4
ANDRIA;72005;2003;236.9
ANDRIA;72005;2004;238.2
ANDRIA;72005;2005;239.3
ANDRIA;72005;2006;240.2
ANDRIA;72005;2007;241.4
ANDRIA;72005;2008;242.8
ANDRIA;72005;2009;243.7
ANDRIA;72005;2010;244.7
ANDRIA;72005;2011;245.8
BARI;72006;2000;2857.1
BARI;72006;2001;2790.1
BARI;72006;2002;2716.6
BARI;72006;2003;2707.6
BARI;72006;2004;2765.2
BARI;72006;2005;2820.0
BARI;72006;2006;2805.4
BARI;72006;2007;2786.4
BARI;72006;2008;2767.6
BARI;72006;2009;2757.4
BARI;72006;2010;2756.6
BARI;72006;2011;2753.1
TARANTO;73027;2000;955.0
TARANTO;73027;2000;955.0
TARANTO;73027;2001;940.1
TARANTO;73027;2001;940.1
TARANTO;73027;2002;941.6
TARANTO;73027;2002;941.6
TARANTO;73027;2003;953.0
TARANTO;73027;2003;953.0
TARANTO;73027;2004;949.6
TARANTO;73027;2004;949.6
TARANTO;73027;2005;945.9
TARANTO;73027;2005;945.9
TARANTO;73027;2006;939.6
TARANTO;73027;2006;939.6
TARANTO;73027;2007;933.7
TARANTO;73027;2007;933.7
TARANTO;73027;2008;928.1
TARANTO;73027;2008;928.1
TARANTO;73027;2009;923.4
TARANTO;73027;2009;923.4
TARANTO;73027;2010;918.1
TARANTO;73027;2010;918.1
TARANTO;73027;2011;911.6
TARANTO;73027;2011;911.6
BRINDISI;74001;2000;283.9
BRINDISI;74001;2001;277.0
BRINDISI;74001;2002;270.1
BRINDISI;74001;2003;269.0
BRINDISI;74001;2004;268.1
BRINDISI;74001;2005;271.5
BRINDISI;74001;2006;275.0
BRINDISI;74001;2007;274.3
BRINDISI;74001;2008;273.5
BRINDISI;74001;2009;273.1
BRINDISI;74001;2010;273.3
BRINDISI;74001;2011;273.3
LECCE;75035;2000;410.4
LECCE;75035;2001;378.8
LECCE;75035;2002;350.4
LECCE;75035;2003;365.4
LECCE;75035;2004;381.5
LECCE;75035;2005;386.5
LECCE;75035;2006;390.6
LECCE;75035;2007;393.7
LECCE;75035;2008;396.3
LECCE;75035;2009;397.9
LECCE;75035;2010;399.5
LECCE;75035;2011;400.9
POTENZA;76063;2000;400.6
POTENZA;76063;2001;398.4
POTENZA;76063;2002;395.9
POTENZA;76063;2003;395.8
POTENZA;76063;2004;395.9
POTENZA;76063;2005;394.9
POTENZA;76063;2006;393.3
POTENZA;76063;2007;391.6
POTENZA;76063;2008;392.6
POTENZA;76063;2009;394.2
POTENZA;76063;2010;393.3
POTENZA;76063;2011;392.6
MATERA;77014;2000;147.2
MATERA;77014;2001;148.4
MATERA;77014;2002;149.6
MATERA;77014;2003;150.6
MATERA;77014;2004;151.7
MATERA;77014;2005;152.7
MATERA;77014;2006;153.5
MATERA;77014;2007;154.5
MATERA;77014;2008;155.3
MATERA;77014;2009;155.7
MATERA;77014;2010;156.3
MATERA;77014;2011;157.0
COSENZA;78045;2000;1980.8
COSENZA;78045;2001;1964.1
COSENZA;78045;2002;1950.2
COSENZA;78045;2003;1924.3
COSENZA;78045;2004;1902.4
COSENZA;78045;2005;1891.3
COSENZA;78045;2006;1880.4
COSENZA;78045;2007;1873.3
COSENZA;78045;2008;1869.9
COSENZA;78045;2009;1870.7
COSENZA;78045;2010;1876.8
COSENZA;78045;2011;1879.6
CATANZARO;79023;2000;871.0
CATANZARO;79023;2001;864.0
CATANZARO;79023;2002;854.1
CATANZARO;79023;2003;853.2
CATANZARO;79023;2004;853.3
CATANZARO;79023;2005;851.9
CATANZARO;79023;2006;848.7
CATANZARO;79023;2007;846.0
CATANZARO;79023;2008;842.1
CATANZARO;79023;2009;839.0
CATANZARO;79023;2010;837.2
CATANZARO;79023;2011;835.6
REGGIO DI CALABRIA;80063;2000;760.8
REGGIO DI CALABRIA;80063;2001;761.7
REGGIO DI CALABRIA;80063;2002;763.5
REGGIO DI CALABRIA;80063;2003;766.5
REGGIO DI CALABRIA;80063;2004;772.1
REGGIO DI CALABRIA;80063;2005;778.3
REGGIO DI CALABRIA;80063;2006;780.8
REGGIO DI CALABRIA;80063;2007;783.3
REGGIO DI CALABRIA;80063;2008;786.4
REGGIO DI CALABRIA;80063;2009;787.0
REGGIO DI CALABRIA;80063;2010;788.9
REGGIO DI CALABRIA;80063;2011;790.2
TRAPANI;81021;2000;255.0
TRAPANI;81021;2001;252.9
TRAPANI;81021;2002;251.4
TRAPANI;81021;2003;251.4
TRAPANI;81021;2004;255.6
TRAPANI;81021;2005;260.3
TRAPANI;81021;2006;260.1
TRAPANI;81021;2007;259.7
TRAPANI;81021;2008;259.5
TRAPANI;81021;2009;259.6
TRAPANI;81021;2010;259.7
TRAPANI;81021;2011;259.1
PALERMO;82053;2000;4289.7
PALERMO;82053;2001;4296.8
PALERMO;82053;2002;4308.1
PALERMO;82053;2003;4288.2
PALERMO;82053;2004;4264.3
PALERMO;82053;2005;4236.2
PALERMO;82053;2006;4208.8
PALERMO;82053;2007;4184.7
PALERMO;82053;2008;4162.3
PALERMO;82053;2009;4140.0
PALERMO;82053;2010;4128.8
PALERMO;82053;2011;4122.6
MESSINA;83048;2000;1222.5
MESSINA;83048;2001;1204.9
MESSINA;83048;2002;1186.1
MESSINA;83048;2003;1178.7
MESSINA;83048;2004;1174.6
MESSINA;83048;2005;1169.1
MESSINA;83048;2006;1163.4
MESSINA;83048;2007;1157.9
MESSINA;83048;2008;1153.7
MESSINA;83048;2009;1151.0
MESSINA;83048;2010;1148.9
MESSINA;83048;2011;1145.2
AGRIGENTO;84001;2000;226.9
AGRIGENTO;84001;2001;224.9
AGRIGENTO;84001;2002;225.4
AGRIGENTO;84001;2003;233.7
AGRIGENTO;84001;2004;240.1
AGRIGENTO;84001;2005;240.6
AGRIGENTO;84001;2006;240.7
AGRIGENTO;84001;2007;240.8
AGRIGENTO;84001;2008;240.9
AGRIGENTO;84001;2009;240.9
AGRIGENTO;84001;2010;241.0
AGRIGENTO;84001;2011;241.1
CALTANISSETTA;85004;2000;149.1
CALTANISSETTA;85004;2001;148.1
CALTANISSETTA;85004;2002;146.5
CALTANISSETTA;85004;2003;145.8
CALTANISSETTA;85004;2004;145.6
CALTANISSETTA;85004;2005;145.3
CALTANISSETTA;85004;2006;144.9
CALTANISSETTA;85004;2007;144.4
CALTANISSETTA;85004;2008;144.3
CALTANISSETTA;85004;2009;144.4
CALTANISSETTA;85004;2010;144.4
CALTANISSETTA;85004;2011;144.3
ENNA;86009;2000;79.5
ENNA;86009;2001;80.3
ENNA;86009;2002;80.9
ENNA;86009;2003;80.5
ENNA;86009;2004;79.9
ENNA;86009;2005;79.5
ENNA;86009;2006;79.1
ENNA;86009;2007;78.8
ENNA;86009;2008;78.7
ENNA;86009;2009;78.5
ENNA;86009;2010;78.1
ENNA;86009;2011;78.0
CATANIA;87015;2000;1863.4
CATANIA;87015;2001;1792.4
CATANIA;87015;2002;1715.6
CATANIA;87015;2003;1703.4
CATANIA;87015;2004;1696.0
CATANIA;87015;2005;1686.0
CATANIA;87015;2006;1674.3
CATANIA;87015;2007;1660.0
CATANIA;87015;2008;1645.9
CATANIA;87015;2009;1636.6
CATANIA;87015;2010;1628.3
CATANIA;87015;2011;1616.4
RAGUSA;88009;2000;157.5
RAGUSA;88009;2001;156.7
RAGUSA;88009;2002;156.6
RAGUSA;88009;2003;159.2
RAGUSA;88009;2004;161.6
RAGUSA;88009;2005;162.4
RAGUSA;88009;2006;162.9
RAGUSA;88009;2007;163.5
RAGUSA;88009;2008;164.2
RAGUSA;88009;2009;165.1
RAGUSA;88009;2010;166.2
RAGUSA;88009;2011;167.0
SIRACUSA;89017;2000;617.3
SIRACUSA;89017;2001;610.7
SIRACUSA;89017;2002;603.9
SIRACUSA;89017;2003;602.5
SIRACUSA;89017;2004;603.6
SIRACUSA;89017;2005;603.5
SIRACUSA;89017;2006;603.4
SIRACUSA;89017;2007;605.0
SIRACUSA;89017;2008;606.8
SIRACUSA;89017;2009;607.2
SIRACUSA;89017;2010;606.7
SIRACUSA;89017;2011;605.7
SASSARI;90064;2000;221.3
SASSARI;90064;2001;221.2
SASSARI;90064;2002;221.4
SASSARI;90064;2003;222.5
SASSARI;90064;2004;226.0
SASSARI;90064;2005;231.5
SASSARI;90064;2006;234.9
SASSARI;90064;2007;236.0
SASSARI;90064;2008;237.5
SASSARI;90064;2009;238.7
SASSARI;90064;2010;239.0
SASSARI;90064;2011;239.2
NUORO;91051;2000;196.3
NUORO;91051;2001;193.2
NUORO;91051;2002;191.3
NUORO;91051;2003;191.9
NUORO;91051;2004;191.3
NUORO;91051;2005;190.5
NUORO;91051;2006;189.9
NUORO;91051;2007;189.7
NUORO;91051;2008;189.7
NUORO;91051;2009;189.5
NUORO;91051;2010;189.2
NUORO;91051;2011;188.5
CAGLIARI;92009;2000;1923.5
CAGLIARI;92009;2000;1923.5
CAGLIARI;92009;2000;1923.5
CAGLIARI;92009;2001;1909.2
CAGLIARI;92009;2001;1909.2
CAGLIARI;92009;2001;1909.2
CAGLIARI;92009;2002;1908.5
CAGLIARI;92009;2002;1908.5
CAGLIARI;92009;2002;1908.5
CAGLIARI;92009;2003;1902.0
CAGLIARI;92009;2003;1902.0
CAGLIARI;92009;2003;1902.0
CAGLIARI;92009;2004;1893.8
CAGLIARI;92009;2004;1893.8
CAGLIARI;92009;2004;1893.8
CAGLIARI;92009;2005;1881.1
CAGLIARI;92009;2005;1881.1
CAGLIARI;92009;2005;1881.1
CAGLIARI;92009;2006;1868.5
CAGLIARI;92009;2006;1868.5
CAGLIARI;92009;2006;1868.5
CAGLIARI;92009;2007;1854.8
CAGLIARI;92009;2007;1854.8
CAGLIARI;92009;2007;1854.8
CAGLIARI;92009;2008;1843.0
CAGLIARI;92009;2008;1843.0
CAGLIARI;92009;2008;1843.0
CAGLIARI;92009;2009;1836.6
CAGLIARI;92009;2009;1836.6
CAGLIARI;92009;2009;1836.6
CAGLIARI;92009;2010;1831.9
CAGLIARI;92009;2010;1831.9
CAGLIARI;92009;2010;1831.9
CAGLIARI;92009;2011;1825.7
CAGLIARI;92009;2011;1825.7
CAGLIARI;92009;2011;1825.7
PORDENONE;93033;2000;1274.6
PORDENONE;93033;2001;1281.2
PORDENONE;93033;2002;1295.8
PORDENONE;93033;2003;1320.4
PORDENONE;93033;2004;1335.8
PORDENONE;93033;2005;1334.7
PORDENONE;93033;2006;1327.8
PORDENONE;93033;2007;1326.8
PORDENONE;93033;2008;1339.2
PORDENONE;93033;2009;1346.4
PORDENONE;93033;2010;1349.8
PORDENONE;93033;2011;1354.7
ISERNIA;94023;2000;307.5
ISERNIA;94023;2001;308.1
ISERNIA;94023;2002;308.6
ISERNIA;94023;2003;309.9
ISERNIA;94023;2004;311.7
ISERNIA;94023;2005;313.5
ISERNIA;94023;2006;314.3
ISERNIA;94023;2007;315.5
ISERNIA;94023;2008;316.8
ISERNIA;94023;2009;318.5
ISERNIA;94023;2010;321.0
ISERNIA;94023;2011;322.0
ORISTANO;95038;2000;389.9
ORISTANO;95038;2001;378.9
ORISTANO;95038;2002;371.3
ORISTANO;95038;2003;377.7
ORISTANO;95038;2004;384.1
ORISTANO;95038;2005;388.3
ORISTANO;95038;2006;389.2
ORISTANO;95038;2007;387.3
ORISTANO;95038;2008;384.0
ORISTANO;95038;2009;381.3
ORISTANO;95038;2010;379.1
ORISTANO;95038;2011;377.2
BIELLA;96004;2000;1011.9
BIELLA;96004;2001;993.0
BIELLA;96004;2002;985.1
BIELLA;96004;2003;994.7
BIELLA;96004;2004;994.2
BIELLA;96004;2005;989.4
BIELLA;96004;2006;983.8
BIELLA;96004;2007;984.5
BIELLA;96004;2008;984.7
BIELLA;96004;2009;981.7
BIELLA;96004;2010;979.0
BIELLA;96004;2011;976.1
LECCO;97042;2000;995.6
LECCO;97042;2001;994.3
LECCO;97042;2002;994.9
LECCO;97042;2003;1002.3
LECCO;97042;2004;1008.9
LECCO;97042;2005;1016.1
LECCO;97042;2006;1021.8
LECCO;97042;2007;1026.9
LECCO;97042;2008;1032.6
LECCO;97042;2009;1037.7
LECCO;97042;2010;1044.0
LECCO;97042;2011;1049.9
LODI;98031;2000;998.2
LODI;98031;2001;992.2
LODI;98031;2002;999.1
LODI;98031;2003;1016.9
LODI;98031;2004;1026.6
LODI;98031;2005;1031.3
LODI;98031;2006;1031.7
LODI;98031;2007;1036.1
LODI;98031;2008;1046.4
LODI;98031;2009;1057.5
LODI;98031;2010;1067.3
LODI;98031;2011;1072.7
RIMINI;99014;2000;976.5
RIMINI;99014;2001;966.1
RIMINI;99014;2002;958.7
RIMINI;99014;2003;972.0
RIMINI;99014;2004;990.7
RIMINI;99014;2005;1005.2
RIMINI;99014;2006;1015.7
RIMINI;99014;2007;1026.1
RIMINI;99014;2008;1035.8
RIMINI;99014;2009;1047.1
RIMINI;99014;2010;1058.9
RIMINI;99014;2011;1070.3
PRATO;100005;2000;1777.8
PRATO;100005;2001;1780.5
PRATO;100005;2002;1781.1
PRATO;100005;2003;1796.5
PRATO;100005;2004;1827.5
PRATO;100005;2005;1867.5
PRATO;100005;2006;1893.0
PRATO;100005;2007;1902.2
PRATO;100005;2008;1899.2
PRATO;100005;2009;1905.4
PRATO;100005;2010;1920.3
PRATO;100005;2011;1929.5
CROTONE;101010;2000;332.2
CROTONE;101010;2001;333.0
CROTONE;101010;2002;333.7
CROTONE;101010;2003;334.9
CROTONE;101010;2004;336.4
CROTONE;101010;2005;336.7
CROTONE;101010;2006;337.1
CROTONE;101010;2007;338.1
CROTONE;101010;2008;339.4
CROTONE;101010;2009;340.7
CROTONE;101010;2010;342.5
CROTONE;101010;2011;343.8
VIBO VALENTIA;102047;2000;762.5
VIBO VALENTIA;102047;2001;746.6
VIBO VALENTIA;102047;2002;729.5
VIBO VALENTIA;102047;2003;728.8
VIBO VALENTIA;102047;2004;728.6
VIBO VALENTIA;102047;2005;730.2
VIBO VALENTIA;102047;2006;731.0
VIBO VALENTIA;102047;2007;728.2
VIBO VALENTIA;102047;2008;726.0
VIBO VALENTIA;102047;2009;727.5
VIBO VALENTIA;102047;2010;730.1
VIBO VALENTIA;102047;2011;729.4
VERBANIA;103072;2000;809.1
VERBANIA;103072;2001;804.8
VERBANIA;103072;2002;799.4
VERBANIA;103072;2003;805.6
VERBANIA;103072;2004;814.7
VERBANIA;103072;2005;818.2
VERBANIA;103072;2006;818.2
VERBANIA;103072;2007;819.9
VERBANIA;103072;2008;824.4
VERBANIA;103072;2009;827.2
VERBANIA;103072;2010;828.7
VERBANIA;103072;2011;830.9
OLBIA;104017;2000;118.5
OLBIA;104017;2001;120.0
OLBIA;104017;2002;121.9
OLBIA;104017;2003;124.3
OLBIA;104017;2004;126.9
OLBIA;104017;2005;129.3
OLBIA;104017;2006;131.9
OLBIA;104017;2007;135.9
OLBIA;104017;2008;140.6
OLBIA;104017;2009;144.3
OLBIA;104017;2010;147.5
OLBIA;104017;2011;150.5
TEMPIO PAUSANIA;104025;2000;65.3
TEMPIO PAUSANIA;104025;2001;65.3
TEMPIO PAUSANIA;104025;2002;65.5
TEMPIO PAUSANIA;104025;2003;65.5
TEMPIO PAUSANIA;104025;2004;65.5
TEMPIO PAUSANIA;104025;2005;65.6
TEMPIO PAUSANIA;104025;2006;65.7
TEMPIO PAUSANIA;104025;2007;66.1
TEMPIO PAUSANIA;104025;2008;66.6
TEMPIO PAUSANIA;104025;2009;66.7
TEMPIO PAUSANIA;104025;2010;66.8
TEMPIO PAUSANIA;104025;2011;66.9
LANUSEI;105010;2000;113.9
LANUSEI;105010;2001;111.5
LANUSEI;105010;2002;109.5
LANUSEI;105010;2003;109.3
LANUSEI;105010;2004;109.0
LANUSEI;105010;2005;108.4
LANUSEI;105010;2006;107.6
LANUSEI;105010;2007;107.3
LANUSEI;105010;2008;107.2
LANUSEI;105010;2009;106.8
LANUSEI;105010;2010;106.2
LANUSEI;105010;2011;106.1
TORTOLI';105018;2000;243.8
TORTOLI';105018;2001;246.9
TORTOLI';105018;2002;251.3
TORTOLI';105018;2003;253.2
TORTOLI';105018;2004;254.4
TORTOLI';105018;2005;255.9
TORTOLI';105018;2006;257.2
TORTOLI';105018;2007;259.0
TORTOLI';105018;2008;262.7
TORTOLI';105018;2009;267.2
TORTOLI';105018;2010;270.0
TORTOLI';105018;2011;272.6
SANLURI;106015;2000;102.2
SANLURI;106015;2001;101.8
SANLURI;106015;2002;101.4
SANLURI;106015;2003;101.6
SANLURI;106015;2004;101.6
SANLURI;106015;2005;101.5
SANLURI;106015;2006;101.6
SANLURI;106015;2007;101.7
SANLURI;106015;2008;101.6
SANLURI;106015;2009;101.6
SANLURI;106015;2010;101.4
SANLURI;106015;2011;101.2
VILLACIDRO;106025;2000;81.0
VILLACIDRO;106025;2001;80.5
VILLACIDRO;106025;2002;80.2
VILLACIDRO;106025;2003;80.1
VILLACIDRO;106025;2004;79.9
VILLACIDRO;106025;2005;79.6
VILLACIDRO;106025;2006;79.5
VILLACIDRO;106025;2007;79.4
VILLACIDRO;106025;2008;79.3
VILLACIDRO;106025;2009;79.1
VILLACIDRO;106025;2010;78.9
VILLACIDRO;106025;2011;78.8
CARBONIA;107003;2000;216.8
CARBONIA;107003;2001;212.3
CARBONIA;107003;2002;209.7
CARBONIA;107003;2003;210.4
CARBONIA;107003;2004;209.9
CARBONIA;107003;2005;209.1
CARBONIA;107003;2006;208.1
CARBONIA;107003;2007;207.2
CARBONIA;107003;2008;206.3
CARBONIA;107003;2009;205.3
CARBONIA;107003;2010;204.6
CARBONIA;107003;2011;204.2
IGLESIAS;107009;2000;140.4
IGLESIAS;107009;2001;138.0
IGLESIAS;107009;2002;135.6
IGLESIAS;107009;2003;135.3
IGLESIAS;107009;2004;134.7
IGLESIAS;107009;2005;134.4
IGLESIAS;107009;2006;134.0
IGLESIAS;107009;2007;133.5
IGLESIAS;107009;2008;133.3
IGLESIAS;107009;2009;133.0
IGLESIAS;107009;2010;132.7
IGLESIAS;107009;2011;132.3
MONZA;108033;2000;3644.9
MONZA;108033;2001;3649.4
MONZA;108033;2002;3654.4
MONZA;108033;2003;3677.3
MONZA;108033;2004;3692.9
MONZA;108033;2005;3698.1
MONZA;108033;2006;3685.7
MONZA;108033;2007;3668.6
MONZA;108033;2008;3666.1
MONZA;108033;2009;3676.9
MONZA;108033;2010;3698.6
MONZA;108033;2011;3721.8
FERMO;109006;2000;286.5
FERMO;109006;2001;286.6
FERMO;109006;2002;287.4
FERMO;109006;2003;291.7
FERMO;109006;2004;296.8
FERMO;109006;2005;298.6
FERMO;109006;2006;300.3
FERMO;109006;2007;303.0
FERMO;109006;2008;304.9
FERMO;109006;2009;305.2
FERMO;109006;2010;304.7
FERMO;109006;2011;304.9
BARLETTA;110002;2000;626.9
BARLETTA;110002;2001;627.7
BARLETTA;110002;2002;628.1
BARLETTA;110002;2003;630.4
BARLETTA;110002;2004;632.7
BARLETTA;110002;2005;633.7
BARLETTA;110002;2006;634.1
BARLETTA;110002;2007;635.8
BARLETTA;110002;2008;638.0
BARLETTA;110002;2009;639.7
BARLETTA;110002;2010;641.7
BARLETTA;110002;2011;644.4
TRANI;110009;2000;527.3
TRANI;110009;2001;524.5
TRANI;110009;2002;521.6
TRANI;110009;2003;524.0
TRANI;110009;2004;524.9
TRANI;110009;2005;524.1
TRANI;110009;2006;524.2
TRANI;110009;2007;525.0
TRANI;110009;2008;526.4
TRANI;110009;2009;527.4
TRANI;110009;2010;528.0
TRANI;110009;2011;528.8
