Provincia;CodiceISTAT;Anno;Densita
TORINO;1272;2015;6925.0
TORINO;1272;2016;6918.6
TORINO;1272;2017;6948.0
TORINO;1272;2018;6979.7
TORINO;1272;2019;6984.6
TORINO;1272;2020;6979.7
TORINO;1272;2021;6965.3
VERCELLI;2158;2015;561.5
VERCELLI;2158;2016;558.5
VERCELLI;2158;2017;557.1
VERCELLI;2158;2018;573.4
VERCELLI;2158;2019;589.0
VERCELLI;2158;2020;588.3
VERCELLI;2158;2021;588.9
NOVARA;3106;2015;998.0
NOVARA;3106;2016;997.2
NOVARA;3106;2017;997.5
NOVARA;3106;2018;1002.4
NOVARA;3106;2019;1009.6
NOVARA;3106;2020;1016.5
NOVARA;3106;2021;1020.4
CUNEO;4078;2015;457.7
CUNEO;4078;2016;456.7
CUNEO;4078;2017;457.4
CUNEO;4078;2018;459.5
CUNEO;4078;2019;461.6
CUNEO;4078;2020;463.7
CUNEO;4078;2021;466.0
ASTI;5005;2015;484.7
ASTI;5005;2016;486.1
ASTI;5005;2017;488.8
ASTI;5005;2018;493.5
ASTI;5005;2019;498.0
ASTI;5005;2020;502.1
ASTI;5005;2021;505.0
ALESSANDRIA;6003;2015;446.5
ALESSANDRIA;6003;2016;449.4
ALESSANDRIA;6003;2017;452.5
ALESSANDRIA;6003;2018;457.3
ALESSANDRIA;6003;2019;460.6
ALESSANDRIA;6003;2020;463.8
ALESSANDRIA;6003;2021;466.2
AOSTA;7003;2015;1610.9
AOSTA;7003;2016;1620.3
AOSTA;7003;2017;1623.0
AOSTA;7003;2018;1630.2
AOSTA;7003;2019;1638.4
AOSTA;7003;2020;1640.0
AOSTA;7003;2021;1637.6
IMPERIA;8031;2015;892.9
IMPERIA;8031;2016;899.6
IMPERIA;8031;2017;906.2
IMPERIA;8031;2018;915.8
IMPERIA;8031;2019;924.8
IMPERIA;8031;2020;932.9
IMPERIA;8031;2021;939.4
SAVONA;9056;2015;942.1
SAVONA;9056;2016;942.0
SAVONA;9056;2017;943.2
SAVONA;9056;2018;947.9
SAVONA;9056;2019;952.3
SAVONA;9056;2020;953.8
SAVONA;9056;2021;952.7
GENOVA;10025;2015;2515.2
GENOVA;10025;2016;2537.0
GENOVA;10025;2017;2517.6
GENOVA;10025;2018;2508.3
GENOVA;10025;2019;2506.0
GENOVA;10025;2020;2499.3
GENOVA;10025;2021;2493.6
LA SPEZIA;11015;2015;1821.3
LA SPEZIA;11015;2016;1821.2
LA SPEZIA;11015;2017;1824.8
LA SPEZIA;11015;2018;1836.2
LA SPEZIA;11015;2019;1845.9
LA SPEZIA;11015;2020;1846.0
LA SPEZIA;11015;2021;1842.8
VARESE;12133;2015;1514.8
VARESE;12133;2016;1502.1
VARESE;12133;2017;1495.1
VARESE;12133;2018;1493.1
VARESE;12133;2019;1490.8
VARESE;12133;2020;1487.1
VARESE;12133;2021;1484.1
COMO;13075;2015;2223.1
COMO;13075;2016;2226.4
COMO;13075;2017;2228.7
COMO;13075;2018;2239.7
COMO;13075;2019;2261.6
COMO;13075;2020;2277.4
COMO;13075;2021;2294.8
SONDRIO;14061;2015;1068.9
SONDRIO;14061;2016;1073.5
SONDRIO;14061;2017;1081.6
SONDRIO;14061;2018;1089.7
SONDRIO;14061;2019;1092.5
SONDRIO;14061;2020;1093.9
SONDRIO;14061;2021;1093.7
MILANO;15146;2015;7162.6
MILANO;15146;2016;7173.5
MILANO;15146;2017;7148.5
MILANO;15146;2018;7127.3
MILANO;15146;2019;7148.9
MILANO;15146;2020;7226.9
MILANO;15146;2021;7325.0
BERGAMO;16024;2015;2938.2
BERGAMO;16024;2016;2927.3
BERGAMO;16024;2017;2922.1
BERGAMO;16024;2018;2935.1
BERGAMO;16024;2019;2963.3
BERGAMO;16024;2020;2999.6
BERGAMO;16024;2021;3028.9
BRESCIA;17029;2015;2113.1
BRESCIA;17029;2016;2101.4
BRESCIA;17029;2017;2094.1
BRESCIA;17029;2018;2098.5
BRESCIA;17029;2019;2108.9
BRESCIA;17029;2020;2125.6
BRESCIA;17029;2021;2140.4
PAVIA;18110;2015;1133.9
PAVIA;18110;2016;1127.4
PAVIA;18110;2017;1120.6
PAVIA;18110;2018;1119.3
PAVIA;18110;2019;1127.1
PAVIA;18110;2020;1132.1
PAVIA;18110;2021;1133.4
CREMONA;19036;2015;1014.7
CREMONA;19036;2016;1010.1
CREMONA;19036;2017;1014.9
CREMONA;19036;2018;1024.8
CREMONA;19036;2019;1026.5
CREMONA;19036;2020;1025.7
CREMONA;19036;2021;1025.2
MANTOVA;20030;2015;748.6
MANTOVA;20030;2016;746.3
MANTOVA;20030;2017;746.1
MANTOVA;20030;2018;750.4
MANTOVA;20030;2019;755.7
MANTOVA;20030;2020;757.7
MANTOVA;20030;2021;761.7
BOLZANO;21008;2015;1871.7
BOLZANO;21008;2016;1895.7
BOLZANO;21008;2017;1914.6
BOLZANO;21008;2018;1935.3
BOLZANO;21008;2019;1959.2
BOLZANO;21008;2020;1979.4
BOLZANO;21008;2021;1995.7
TRENTO;22205;2015;700.3
TRENTO;22205;2016;705.3
TRENTO;22205;2017;710.3
TRENTO;22205;2018;718.3
TRENTO;22205;2019;727.4
TRENTO;22205;2020;733.9
TRENTO;22205;2021;738.9
VERONA;23091;2015;1254.2
VERONA;23091;2016;1258.2
VERONA;23091;2017;1269.8
VERONA;23091;2018;1281.1
VERONA;23091;2019;1281.7
VERONA;23091;2020;1278.3
VERONA;23091;2021;1277.6
VICENZA;24116;2015;1413.2
VICENZA;24116;2016;1418.0
VICENZA;24116;2017;1417.3
VICENZA;24116;2018;1421.9
VICENZA;24116;2019;1430.8
VICENZA;24116;2020;1436.5
VICENZA;24116;2021;1437.2
BELLUNO;25006;2015;242.8
BELLUNO;25006;2016;244.1
BELLUNO;25006;2017;245.8
BELLUNO;25006;2018;247.6
BELLUNO;25006;2019;248.4
BELLUNO;25006;2020;248.7
BELLUNO;25006;2021;248.6
TREVISO;26086;2015;1482.1
TREVISO;26086;2016;1478.9
TREVISO;26086;2017;1472.1
TREVISO;26086;2018;1476.1
TREVISO;26086;2019;1481.2
TREVISO;26086;2020;1486.6
TREVISO;26086;2021;1498.3
VENEZIA;27042;2015;650.4
VENEZIA;27042;2015;650.4
VENEZIA;27042;2016;647.6
VENEZIA;27042;2016;647.6
VENEZIA;27042;2017;646.6
VENEZIA;27042;2017;646.6
VENEZIA;27042;2018;648.0
VENEZIA;27042;2018;648.0
VENEZIA;27042;2019;650.2
VENEZIA;27042;2019;650.2
VENEZIA;27042;2020;651.2
VENEZIA;27042;2020;651.2
VENEZIA;27042;2021;650.9
VENEZIA;27042;2021;650.9
PADOVA;28060;2015;2271.4
PADOVA;28060;2016;2268.6
PADOVA;28060;2017;2264.3
PADOVA;28060;2018;2273.1
PADOVA;28060;2019;2288.2
PADOVA;28060;2020;2300.4
PADOVA;28060;2021;2306.4
ROVIGO;29041;2015;469.5
ROVIGO;29041;2016;470.9
ROVIGO;29041;2017;473.3
ROVIGO;29041;2018;476.5
ROVIGO;29041;2019;478.8
ROVIGO;29041;2020;483.1
ROVIGO;29041;2021;488.9
UDINE;30129;2015;1703.6
UDINE;30129;2016;1706.6
UDINE;30129;2017;1717.2
UDINE;30129;2018;1737.7
UDINE;30129;2019;1751.5
UDINE;30129;2020;1756.4
UDINE;30129;2021;1760.5
GORIZIA;31007;2015;888.3
GORIZIA;31007;2016;882.9
GORIZIA;31007;2017;879.1
GORIZIA;31007;2018;876.6
GORIZIA;31007;2019;875.0
GORIZIA;31007;2020;873.0
GORIZIA;31007;2021;871.0
TRIESTE;32006;2015;2444.8
TRIESTE;32006;2016;2434.7
TRIESTE;32006;2017;2430.6
TRIESTE;32006;2018;2430.5
TRIESTE;32006;2019;2431.4
TRIESTE;32006;2020;2432.6
TRIESTE;32006;2021;2430.6
PIACENZA;33032;2015;837.8
PIACENZA;33032;2016;839.8
PIACENZA;33032;2017;843.8
PIACENZA;33032;2018;852.9
PIACENZA;33032;2019;863.0
PIACENZA;33032;2020;869.0
PIACENZA;33032;2021;873.9
PARMA;34027;2015;671.6
PARMA;34027;2016;676.6
PARMA;34027;2017;682.2
PARMA;34027;2018;692.4
PARMA;34027;2019;703.4
PARMA;34027;2020;711.7
PARMA;34027;2021;719.8
REGGIO NELL'EMILIA;35033;2015;674.9
REGGIO NELL'EMILIA;35033;2016;684.9
REGGIO NELL'EMILIA;35033;2017;695.5
REGGIO NELL'EMILIA;35033;2018;707.8
REGGIO NELL'EMILIA;35033;2019;719.4
REGGIO NELL'EMILIA;35033;2020;729.3
REGGIO NELL'EMILIA;35033;2021;738.0
MODENA;36023;2015;984.0
MODENA;36023;2016;983.9
MODENA;36023;2017;982.4
MODENA;36023;2018;987.1
MODENA;36023;2019;995.8
MODENA;36023;2020;1003.6
MODENA;36023;2021;1010.6
BOLOGNA;37006;2015;2658.2
BOLOGNA;37006;2016;2653.2
BOLOGNA;37006;2017;2647.9
BOLOGNA;37006;2018;2654.7
BOLOGNA;37006;2019;2672.4
BOLOGNA;37006;2020;2691.0
BOLOGNA;37006;2021;2710.7
FERRARA;38008;2015;326.9
FERRARA;38008;2016;328.5
FERRARA;38008;2017;329.9
FERRARA;38008;2018;331.5
FERRARA;38008;2019;333.2
FERRARA;38008;2020;334.3
FERRARA;38008;2021;334.9
RAVENNA;39014;2015;226.7
RAVENNA;39014;2016;229.9
RAVENNA;39014;2017;233.2
RAVENNA;39014;2018;236.9
RAVENNA;39014;2019;240.1
RAVENNA;39014;2020;242.2
RAVENNA;39014;2021;243.9
FORLI';40012;2015;490.8
FORLI';40012;2016;495.4
FORLI';40012;2017;500.2
FORLI';40012;2018;505.9
FORLI';40012;2019;512.2
FORLI';40012;2020;516.5
FORLI';40012;2021;519.6
PESARO;41044;2015;726.6
PESARO;41044;2016;727.4
PESARO;41044;2017;733.5
PESARO;41044;2018;741.4
PESARO;41044;2019;746.5
PESARO;41044;2020;749.8
PESARO;41044;2021;751.4
ANCONA;42002;2015;823.1
ANCONA;42002;2016;821.8
ANCONA;42002;2017;820.1
ANCONA;42002;2018;822.4
ANCONA;42002;2019;826.8
ANCONA;42002;2020;830.6
ANCONA;42002;2021;832.7
MACERATA;43023;2015;458.6
MACERATA;43023;2016;459.7
MACERATA;43023;2017;460.8
MACERATA;43023;2018;463.2
MACERATA;43023;2019;463.8
MACERATA;43023;2020;463.8
MACERATA;43023;2021;464.0
ASCOLI PICENO;44007;2015;322.6
ASCOLI PICENO;44007;2016;321.6
ASCOLI PICENO;44007;2017;321.3
ASCOLI PICENO;44007;2018;321.4
ASCOLI PICENO;44007;2019;320.1
ASCOLI PICENO;44007;2020;318.9
ASCOLI PICENO;44007;2021;317.5
MASSA;45010;2015;736.6
MASSA;45010;2016;738.5
MASSA;45010;2017;741.3
MASSA;45010;2018;747.4
MASSA;45010;2019;752.1
MASSA;45010;2020;753.8
MASSA;45010;2021;755.1
LUCCA;46017;2015;444.7
LUCCA;46017;2016;443.8
LUCCA;46017;2017;445.9
LUCCA;46017;2018;451.2
LUCCA;46017;2019;455.0
LUCCA;46017;2020;457.0
LUCCA;46017;2021;459.0
PISTOIA;47014;2015;361.6
PISTOIA;47014;2016;364.2
PISTOIA;47014;2017;371.5
PISTOIA;47014;2018;378.8
PISTOIA;47014;2019;380.4
PISTOIA;47014;2020;381.0
PISTOIA;47014;2021;381.3
FIRENZE;48017;2015;3588.3
FIRENZE;48017;2016;3578.1
FIRENZE;48017;2017;3567.4
FIRENZE;48017;2018;3565.9
FIRENZE;48017;2019;3586.4
FIRENZE;48017;2020;3613.8
FIRENZE;48017;2021;3633.2
LIVORNO;49009;2015;1517.4
LIVORNO;49009;2016;1539.0
LIVORNO;49009;2017;1541.0
LIVORNO;49009;2018;1543.8
LIVORNO;49009;2019;1542.8
LIVORNO;49009;2020;1543.0
LIVORNO;49009;2021;1545.2
PISA;50026;2015;475.7
PISA;50026;2016;472.5
PISA;50026;2017;471.7
PISA;50026;2018;472.3
PISA;50026;2019;472.3
PISA;50026;2020;474.5
PISA;50026;2021;475.7
AREZZO;51002;2015;245.8
AREZZO;51002;2016;247.3
AREZZO;51002;2017;250.3
AREZZO;51002;2018;254.1
AREZZO;51002;2019;256.7
AREZZO;51002;2020;258.5
AREZZO;51002;2021;260.0
SIENA;52032;2015;457.6
SIENA;52032;2016;454.7
SIENA;52032;2017;453.6
SIENA;52032;2018;455.1
SIENA;52032;2019;457.3
SIENA;52032;2020;458.9
SIENA;52032;2021;459.5
GROSSETO;53011;2015;159.6
GROSSETO;53011;2016;162.0
GROSSETO;53011;2017;164.7
GROSSETO;53011;2018;167.3
GROSSETO;53011;2019;169.4
GROSSETO;53011;2020;171.4
GROSSETO;53011;2021;173.0
PERUGIA;54039;2015;354.8
PERUGIA;54039;2016;359.3
PERUGIA;54039;2017;361.4
PERUGIA;54039;2018;365.1
PERUGIA;54039;2019;368.8
PERUGIA;54039;2020;372.1
PERUGIA;54039;2021;375.0
TERNI;55032;2015;515.7
TERNI;55032;2016;517.7
TERNI;55032;2017;520.9
TERNI;55032;2018;526.1
TERNI;55032;2019;530.3
TERNI;55032;2020;533.4
TERNI;55032;2021;535.0
VITERBO;56059;2015;148.6
VITERBO;56059;2016;148.6
VITERBO;56059;2017;149.6
VITERBO;56059;2018;152.0
VITERBO;56059;2019;154.1
VITERBO;56059;2020;155.6
VITERBO;56059;2021;157.3
RIETI;57059;2015;227.3
RIETI;57059;2016;227.9
RIETI;57059;2017;229.3
RIETI;57059;2018;230.7
RIETI;57059;2019;231.1
RIETI;57059;2020;231.3
RIETI;57059;2021;231.4
ROMA;58091;2015;1950.6
ROMA;58091;2015;1950.6
ROMA;58091;2016;2008.6
ROMA;58091;2016;2008.6
ROMA;58091;2017;2074.0
ROMA;58091;2017;2074.0
ROMA;58091;2018;2081.2
ROMA;58091;2018;2081.2
ROMA;58091;2019;2090.7
ROMA;58091;2019;2090.7
ROMA;58091;2020;2104.9
ROMA;58091;2020;2104.9
ROMA;58091;2021;2119.4
ROMA;58091;2021;2119.4
LATINA;59011;2015;404.8
LATINA;59011;2016;408.6
LATINA;59011;2017;413.2
LATINA;59011;2018;418.7
LATINA;59011;2019;424.4
LATINA;59011;2020;429.1
LATINA;59011;2021;431.8
FROSINONE;60038;2015;1035.7
FROSINONE;60038;2016;1029.1
FROSINONE;60038;2017;1025.7
FROSINONE;60038;2018;1026.2
FROSINONE;60038;2019;1027.0
FROSINONE;60038;2020;1026.0
FROSINONE;60038;2021;1020.9
CASERTA;61022;2015;1473.9
CASERTA;61022;2016;1471.5
CASERTA;61022;2017;1464.8
CASERTA;61022;2018;1462.3
CASERTA;61022;2019;1462.0
CASERTA;61022;2020;1459.5
CASERTA;61022;2021;1460.0
BENEVENTO;62008;2015;485.2
BENEVENTO;62008;2016;484.7
BENEVENTO;62008;2017;483.9
BENEVENTO;62008;2018;482.2
BENEVENTO;62008;2019;479.9
BENEVENTO;62008;2020;478.0
BENEVENTO;62008;2021;474.9
NAPOLI;63049;2015;8439.6
NAPOLI;63049;2016;8354.1
NAPOLI;63049;2017;8306.8
NAPOLI;63049;2018;8257.8
NAPOLI;63049;2019;8214.4
NAPOLI;63049;2020;8197.0
NAPOLI;63049;2021;8170.5
AVELLINO;64008;2015;1873.1
AVELLINO;64008;2016;1871.7
AVELLINO;64008;2017;1874.0
AVELLINO;64008;2018;1874.6
AVELLINO;64008;2019;1865.4
AVELLINO;64008;2020;1855.5
AVELLINO;64008;2021;1852.3
SALERNO;65116;2015;2295.1
SALERNO;65116;2016;2269.4
SALERNO;65116;2017;2318.3
SALERNO;65116;2018;2383.6
SALERNO;65116;2019;2376.1
SALERNO;65116;2020;2363.7
SALERNO;65116;2021;2355.3
L'AQUILA;66049;2015;153.6
L'AQUILA;66049;2016;154.4
L'AQUILA;66049;2017;155.0
L'AQUILA;66049;2018;155.8
L'AQUILA;66049;2019;156.0
L'AQUILA;66049;2020;155.5
L'AQUILA;66049;2021;155.1
TERAMO;67041;2015;346.9
TERAMO;67041;2016;348.8
TERAMO;67041;2017;355.3
TERAMO;67041;2018;361.1
TERAMO;67041;2019;361.9
TERAMO;67041;2020;361.7
TERAMO;67041;2021;361.4
PESCARA;68028;2015;3660.5
PESCARA;68028;2016;3657.9
PESCARA;68028;2017;3662.9
PESCARA;68028;2018;3672.1
PESCARA;68028;2019;3676.2
PESCARA;68028;2020;3677.0
PESCARA;68028;2021;3674.6
CHIETI;69022;2015;955.4
CHIETI;69022;2016;948.0
CHIETI;69022;2017;940.7
CHIETI;69022;2018;936.2
CHIETI;69022;2019;931.2
CHIETI;69022;2020;924.4
CHIETI;69022;2021;918.7
CAMPOBASSO;70006;2015;925.2
CAMPOBASSO;70006;2016;920.7
CAMPOBASSO;70006;2017;920.6
CAMPOBASSO;70006;2018;921.3
CAMPOBASSO;70006;2019;918.3
CAMPOBASSO;70006;2020;915.6
CAMPOBASSO;70006;2021;913.9
FOGGIA;71024;2015;303.7
FOGGIA;71024;2016;302.5
FOGGIA;71024;2017;302.3
FOGGIA;71024;2018;302.0
FOGGIA;71024;2019;301.5
FOGGIA;71024;2020;301.0
FOGGIA;71024;2021;300.4
ANDRIA;72005;2015;239.3
ANDRIA;72005;2016;240.2
ANDRIA;72005;2017;241.4
ANDRIA;72005;2018;242.8
ANDRIA;72005;2019;243.7
ANDRIA;72005;2020;244.7
ANDRIA;72005;2021;245.8
BARI;72006;2015;2820.0
BARI;72006;2016;2805.4
BARI;72006;2017;2786.4
BARI;72006;2018;2767.6
BARI;72006;2019;2757.4
BARI;72006;2020;2756.6
BARI;72006;2021;2753.1
TARANTO;73027;2015;945.9
TARANTO;73027;2015;945.9
TARANTO;73027;2016;939.6
TARANTO;73027;2016;939.6
TARANTO;73027;2017;933.7
TARANTO;73027;2017;933.7
TARANTO;73027;2018;928.1
TARANTO;73027;2018;928.1
TARANTO;73027;2019;923.4
TARANTO;73027;2019;923.4
TARANTO;73027;2020;918.1
TARANTO;73027;2020;918.1
TARANTO;73027;2021;911.6
TARANTO;73027;2021;911.6
BRINDISI;74001;2015;271.5
BRINDISI;74001;2016;275.0
BRINDISI;74001;2017;274.3
BRINDISI;74001;2018;273.5
BRINDISI;74001;2019;273.1
BRINDISI;74001;2020;273.3
BRINDISI;74001;2021;273.3
LECCE;75035;2015;386.5
LECCE;75035;2016;390.6
LECCE;75035;2017;393.7
LECCE;75035;2018;396.3
LECCE;75035;2019;397.9
LECCE;75035;2020;399.5
LECCE;75035;2021;400.9
POTENZA;76063;2015;394.9
POTENZA;76063;2016;393.3
POTENZA;76063;2017;391.6
POTENZA;76063;2018;392.6
POTENZA;76063;2019;394.2
POTENZA;76063;2020;393.3
POTENZA;76063;2021;392.6
MATERA;77014;2015;152.7
MATERA;77014;2016;153.5
MATERA;77014;2017;154.5
MATERA;77014;2018;155.3
MATERA;77014;2019;155.7
MATERA;77014;2020;156.3
MATERA;77014;2021;157.0
COSENZA;78045;2015;1891.3
COSENZA;78045;2016;1880.4
COSENZA;78045;2017;1873.3
COSENZA;78045;2018;1869.9
COSENZA;78045;2019;1870.7
COSENZA;78045;2020;1876.8
COSENZA;78045;2021;1879.6
CATANZARO;79023;2015;851.9
CATANZARO;79023;2016;848.7
CATANZARO;79023;2017;846.0
CATANZARO;79023;2018;842.1
CATANZARO;79023;2019;839.0
CATANZARO;79023;2020;837.2
CATANZARO;79023;2021;835.6
REGGIO DI CALABRIA;80063;2015;778.3
REGGIO DI CALABRIA;80063;2016;780.8
REGGIO DI CALABRIA;80063;2017;783.3
REGGIO DI CALABRIA;80063;2018;786.4
REGGIO DI CALABRIA;80063;2019;787.0
REGGIO DI CALABRIA;80063;2020;788.9
REGGIO DI CALABRIA;80063;2021;790.2
TRAPANI;81021;2015;260.3
TRAPANI;81021;2016;260.1
TRAPANI;81021;2017;259.7
TRAPANI;81021;2018;259.5
TRAPANI;81021;2019;259.6
TRAPANI;81021;2020;259.7
TRAPANI;81021;2021;259.1
PALERMO;82053;2015;4236.2
PALERMO;82053;2016;4208.8
PALERMO;82053;2017;4184.7
PALERMO;82053;2018;4162.3
PALERMO;82053;2019;4140.0
PALERMO;82053;2020;4128.8
PALERMO;82053;2021;4122.6
MESSINA;83048;2015;1169.1
MESSINA;83048;2016;1163.4
MESSINA;83048;2017;1157.9
MESSINA;83048;2018;1153.7
MESSINA;83048;2019;1151.0
MESSINA;83048;2020;1148.9
MESSINA;83048;2021;1145.2
AGRIGENTO;84001;2015;240.6
AGRIGENTO;84001;2016;240.7
AGRIGENTO;84001;2017;240.8
AGRIGENTO;84001;2018;240.9
AGRIGENTO;84001;2019;240.9
AGRIGENTO;84001;2020;241.0
AGRIGENTO;84001;2021;241.1
CALTANISSETTA;85004;2015;145.3
CALTANISSETTA;85004;2016;144.9
CALTANISSETTA;85004;2017;144.4
CALTANISSETTA;85004;2018;144.3
CALTANISSETTA;85004;2019;144.4
CALTANISSETTA;85004;2020;144.4
CALTANISSETTA;85004;2021;144.3
ENNA;86009;2015;79.5
ENNA;86009;2016;79.1
ENNA;86009;2017;78.8
ENNA;86009;2018;78.7
ENNA;86009;2019;78.5
ENNA;86009;2020;78.1
ENNA;86009;2021;78.0
CATANIA;87015;2015;1686.0
CATANIA;87015;2016;1674.3
CATANIA;87015;2017;1660.0
CATANIA;87015;2018;1645.9
CATANIA;87015;2019;1636.6
CATANIA;87015;2020;1628.3
CATANIA;87015;2021;1616.4
RAGUSA;88009;2015;162.4
RAGUSA;88009;2016;162.9
RAGUSA;88009;2017;163.5
RAGUSA;88009;2018;164.2
RAGUSA;88009;2019;165.1
RAGUSA;88009;2020;166.2
RAGUSA;88009;2021;167.0
SIRACUSA;89017;2015;603.5
SIRACUSA;89017;2016;603.4
SIRACUSA;89017;2017;605.0
SIRACUSA;89017;2018;606.8
SIRACUSA;89017;2019;607.2
SIRACUSA;89017;2020;606.7
SIRACUSA;89017;2021;605.7
SASSARI;90064;2015;231.5
SASSARI;90064;2016;234.9
SASSARI;90064;2017;236.0
SASSARI;90064;2018;237.5
SASSARI;90064;2019;238.7
SASSARI;90064;2020;239.0
SASSARI;90064;2021;239.2
NUORO;91051;2015;190.5
NUORO;91051;2016;189.9
NUORO;91051;2017;189.7
NUORO;91051;2018;189.7
NUORO;91051;2019;189.5
NUORO;91051;2020;189.2
NUORO;91051;2021;188.5
CAGLIARI;92009;2015;1881.1
CAGLIARI;92009;2015;1881.1
CAGLIARI;92009;2015;1881.1
CAGLIARI;92009;2016;1868.5
CAGLIARI;92009;2016;1868.5
CAGLIARI;92009;2016;1868.5
CAGLIARI;92009;2017;1854.8
CAGLIARI;92009;2017;1854.8
CAGLIARI;92009;2017;1854.8
CAGLIARI;92009;2018;1843.0
CAGLIARI;92009;2018;1843.0
CAGLIARI;92009;2018;1843.0
CAGLIARI;92009;2019;1836.6
CAGLIARI;92009;2019;1836.6
CAGLIARI;92009;2019;1836.6
CAGLIARI;92009;2020;1831.9
CAGLIARI;92009;2020;1831.9
CAGLIARI;92009;2020;1831.9
CAGLIARI;92009;2021;1825.7
CAGLIARI;92009;2021;1825.7
CAGLIARI;92009;2021;1825.7
PORDENONE;93033;2015;1334.7
PORDENONE;93033;2016;1327.8
PORDENONE;93033;2017;1326.8
PORDENONE;93033;2018;1339.2
PORDENONE;93033;2019;1346.4
PORDENONE;93033;2020;1349.8
PORDENONE;93033;2021;1354.7
ISERNIA;94023;2015;313.5
ISERNIA;94023;2016;314.3
ISERNIA;94023;2017;315.5
ISERNIA;94023;2018;316.8
ISERNIA;94023;2019;318.5
ISERNIA;94023;2020;321.0
ISERNIA;94023;2021;322.0
ORISTANO;95038;2015;388.3
ORISTANO;95038;2016;389.2
ORISTANO;95038;2017;387.3
ORISTANO;95038;2018;384.0
ORISTANO;95038;2019;381.3
ORISTANO;95038;2020;379.1
ORISTANO;95038;2021;377.2
BIELLA;96004;2015;989.4
BIELLA;96004;2016;983.8
BIELLA;96004;2017;984.5
BIELLA;96004;2018;984.7
BIELLA;96004;2019;981.7
BIELLA;96004;2020;979.0
BIELLA;96004;2021;976.1
LECCO;97042;2015;1016.1
LECCO;97042;2016;1021.8
LECCO;97042;2017;1026.9
LECCO;97042;2018;1032.6
LECCO;97042;2019;1037.7
LECCO;97042;2020;1044.0
LECCO;97042;2021;1049.9
LODI;98031;2015;1031.3
LODI;98031;2016;1031.7
LODI;98031;2017;1036.1
LODI;98031;2018;1046.4
LODI;98031;2019;1057.5
LODI;98031;2020;1067.3
LODI;98031;2021;1072.7
RIMINI;99014;2015;1005.2
RIMINI;99014;2016;1015.7
RIMINI;99014;2017;1026.1
RIMINI;99014;2018;1035.8
RIMINI;99014;2019;1047.1
RIMINI;99014;2020;1058.9
RIMINI;99014;2021;1070.3
PRATO;100005;2015;1867.5
PRATO;100005;2016;1893.0
PRATO;100005;2017;1902.2
PRATO;100005;2018;1899.2
PRATO;100005;2019;1905.4
PRATO;100005;2020;1920.3
PRATO;100005;2021;1929.5
CROTONE;101010;2015;336.7
CROTONE;101010;2016;337.1
CROTONE;101010;2017;338.1
CROTONE;101010;2018;339.4
CROTONE;101010;2019;340.7
CROTONE;101010;2020;342.5
CROTONE;101010;2021;343.8
VIBO VALENTIA;102047;2015;730.2
VIBO VALENTIA;102047;2016;731.0
VIBO VALENTIA;102047;2017;728.2
VIBO VALENTIA;102047;2018;726.0
VIBO VALENTIA;102047;2019;727.5
VIBO VALENTIA;102047;2020;730.1
VIBO VALENTIA;102047;2021;729.4
VERBANIA;103072;2015;818.2
VERBANIA;103072;2016;818.2
VERBANIA;103072;2017;819.9
VERBANIA;103072;2018;824.4
VERBANIA;103072;2019;827.2
VERBANIA;103072;2020;828.7
VERBANIA;103072;2021;830.9
OLBIA;104017;2015;129.3
OLBIA;104017;2016;131.9
OLBIA;104017;2017;135.9
OLBIA;104017;2018;140.6
OLBIA;104017;2019;144.3
OLBIA;104017;2020;147.5
OLBIA;104017;2021;150.5
TEMPIO PAUSANIA;104025;2015;65.6
TEMPIO PAUSANIA;104025;2016;65.7
TEMPIO PAUSANIA;104025;2017;66.1
TEMPIO PAUSANIA;104025;2018;66.6
TEMPIO PAUSANIA;104025;2019;66.7
TEMPIO PAUSANIA;104025;2020;66.8
TEMPIO PAUSANIA;104025;2021;66.9
LANUSEI;105010;2015;108.4
LANUSEI;105010;2016;107.6
LANUSEI;105010;2017;107.3
LANUSEI;105010;2018;107.2
LANUSEI;105010;2019;106.8
LANUSEI;105010;2020;106.2
LANUSEI;105010;2021;106.1
TORTOLI';105018;2015;255.9
TORTOLI';105018;2016;257.2
TORTOLI';105018;2017;259.0
TORTOLI';105018;2018;262.7
TORTOLI';105018;2019;267.2
TORTOLI';105018;2020;270.0
TORTOLI';105018;2021;272.6
SANLURI;106015;2015;101.5
SANLURI;106015;2016;101.6
SANLURI;106015;2017;101.7
SANLURI;106015;2018;101.6
SANLURI;106015;2019;101.6
SANLURI;106015;2020;101.4
SANLURI;106015;2021;101.2
VILLACIDRO;106025;2015;79.6
VILLACIDRO;106025;2016;79.5
VILLACIDRO;106025;2017;79.4
VILLACIDRO;106025;2018;79.3
VILLACIDRO;106025;2019;79.1
VILLACIDRO;106025;2020;78.9
VILLACIDRO;106025;2021;78.8
CARBONIA;107003;2015;209.1
CARBONIA;107003;2016;208.1
CARBONIA;107003;2017;207.2
CARBONIA;107003;2018;206.3
CARBONIA;107003;2019;205.3
CARBONIA;107003;2020;204.6
CARBONIA;107003;2021;204.2
IGLESIAS;107009;2015;134.4
IGLESIAS;107009;2016;134.0
IGLESIAS;107009;2017;133.5
IGLESIAS;107009;2018;133.3
IGLESIAS;107009;2019;133.0
IGLESIAS;107009;2020;132.7
IGLESIAS;107009;2021;132.3
MONZA;108033;2015;3698.1
MONZA;108033;2016;3685.7
MONZA;108033;2017;3668.6
MONZA;108033;2018;3666.1
MONZA;108033;2019;3676.9
MONZA;108033;2020;3698.6
MONZA;108033;2021;3721.8
FERMO;109006;2015;298.6
FERMO;109006;2016;300.3
FERMO;109006;2017;303.0
FERMO;109006;2018;304.9
FERMO;109006;2019;305.2
FERMO;109006;2020;304.7
FERMO;109006;2021;304.9
BARLETTA;110002;2015;633.7
BARLETTA;110002;2016;634.1
BARLETTA;110002;2017;635.8
BARLETTA;110002;2018;638.0
BARLETTA;110002;2019;639.7
BARLETTA;110002;2020;641.7
BARLETTA;110002;2021;644.4
TRANI;110009;2015;524.1
TRANI;110009;2016;524.2
TRANI;110009;2017;525.0
TRANI;110009;2018;526.4
TRANI;110009;2019;527.4
TRANI;110009;2020;528.0
TRANI;110009;2021;528.8
