Anno;Provincia;AL;BE;BG;BM;EL;GA;GG;IB;IG;ME;ND;Totale
2015;TORINO;0;2;0;0;0;4009;0;0;0;0;0;4011
2015;VERCELLI;0;1;0;0;0;298;0;0;0;0;0;299
2015;NOVARA;0;3;0;0;0;843;0;0;0;0;0;846
2015;CUNEO;0;2;1;2;0;2158;0;0;0;0;1;2164
2015;ASTI;0;0;0;0;0;590;0;0;0;0;0;590
2015;ALESSANDRIA;0;0;0;6;0;2332;0;0;0;0;1;2339
2015;BIELLA;0;2;0;0;0;222;0;0;0;0;0;224
2015;VERBANO CUSIO OSSOLA;0;0;0;0;0;219;0;0;0;0;0;219
2015;AOSTA;0;0;0;0;0;251;0;0;0;0;0;251
2015;VARESE;0;1;0;0;0;1154;0;0;0;0;1;1156
2015;COMO;0;0;0;0;0;995;0;0;0;0;0;995
2015;SONDRIO;0;2;0;0;0;619;0;0;0;0;0;621
2015;MILANO;0;5;1;0;0;5356;0;0;0;0;6;5368
2015;BERGAMO;0;1;0;0;0;4153;0;0;0;0;2;4156
2015;BRESCIA;0;1;0;3;6;3725;0;0;0;0;0;3735
2015;PAVIA;0;2;1;0;1;1014;0;0;0;0;0;1018
2015;CREMONA;0;1;1;0;0;799;0;0;0;0;0;801
2015;MANTOVA;0;1;0;0;1;1986;0;0;0;0;2;1990
2015;LECCO;0;0;0;0;0;878;0;0;0;0;0;878
2015;LODI;0;0;0;1;0;560;0;0;0;0;0;561
2015;MONZA BRIANZA;0;1;0;0;0;1066;0;0;0;0;0;1067
2015;BOLZANO;0;1;0;0;0;1210;0;0;0;0;4;1215
2015;TRENTO;0;1;1;5;0;1789;0;0;0;0;0;1796
2015;VERONA;0;1;1;0;0;3550;0;0;0;0;2;3554
2015;VICENZA;0;3;0;0;0;2446;0;0;0;0;1;2450
2015;BELLUNO;0;0;0;2;0;368;0;0;0;0;0;370
2015;TREVISO;0;2;2;0;1;3122;0;0;0;0;1;3128
2015;VENEZIA;0;1;1;0;1;2504;0;0;0;0;0;2507
2015;PADOVA;0;4;4;0;0;3484;0;0;0;0;2;3494
2015;ROVIGO;0;0;0;0;1;777;0;0;0;0;1;779
2015;UDINE;0;1;0;0;0;1334;0;0;0;0;1;1336
2015;GORIZIA;0;1;0;0;0;377;0;0;0;0;1;379
2015;TRIESTE;0;1;0;0;0;920;0;0;0;0;0;921
2015;PORDENONE;0;1;0;0;0;666;0;0;0;0;0;667
2015;IMPERIA;0;0;0;0;0;147;0;0;0;0;0;147
2015;SAVONA;0;0;0;0;0;527;0;0;0;0;0;527
2015;GENOVA;0;4;0;0;0;1610;0;1;0;0;1;1616
2015;LA SPEZIA;1;0;0;0;0;445;0;0;0;0;1;447
2015;PIACENZA;0;2;0;3;0;2878;0;0;0;0;2;2885
2015;PARMA;0;0;1;0;1;2113;0;0;0;0;0;2115
2015;REGGIO EMILIA;0;1;0;0;0;1443;0;0;0;0;0;1444
2015;MODENA;0;1;1;6;0;1845;0;0;0;0;1;1854
2015;BOLOGNA;0;1;0;0;0;1422;0;0;0;0;1;1424
2015;FERRARA;0;2;0;0;0;800;0;0;0;0;0;802
2015;RAVENNA;0;1;0;0;0;1301;0;0;0;0;0;1302
2015;FORLI'-CESENA;0;4;0;5;0;1422;0;0;0;0;1;1432
2015;RIMINI;0;4;0;0;0;612;0;0;0;0;1;617
2015;MASSA CARRARA;0;1;0;5;0;535;0;0;0;0;0;541
2015;LUCCA;0;3;0;0;1;889;0;0;0;0;0;893
2015;PISTOIA;0;0;0;1;0;471;0;0;0;0;2;474
2015;FIRENZE;0;1;4;0;2;1169;0;0;0;0;1;1177
2015;LIVORNO;0;5;0;0;0;1105;0;0;0;0;0;1110
2015;PISA;0;1;0;0;0;659;0;0;0;0;1;661
2015;AREZZO;0;0;0;0;0;584;0;0;0;0;0;584
2015;SIENA;0;0;0;1;0;289;0;0;0;0;0;290
2015;GROSSETO;0;1;1;0;0;321;0;0;0;0;0;323
2015;PRATO;0;1;0;0;0;384;0;0;0;0;0;385
2015;PERUGIA;0;3;0;38;0;2173;0;0;0;0;1;2215
2015;TERNI;0;0;0;0;0;831;0;0;0;0;0;831
2015;PESARO E URBINO;0;1;1;0;0;613;0;0;0;0;1;616
2015;ANCONA;0;0;0;0;0;770;0;0;0;0;0;770
2015;MACERATA;0;1;0;0;0;876;0;0;0;0;1;878
2015;ASCOLI PICENO;0;0;0;3;0;737;0;0;0;0;0;740
2015;FERMO;0;0;0;0;0;242;0;0;0;0;1;243
2015;VITERBO;0;0;0;0;0;442;0;0;0;0;0;442
2015;RIETI;0;0;0;0;0;188;0;0;0;0;0;188
2015;ROMA;0;6;0;34;0;5963;0;0;0;0;4;6007
2015;LATINA;0;2;0;2;0;2089;0;0;0;0;1;2094
2015;FROSINONE;0;3;0;2;0;2587;0;0;0;0;0;2592
2015;L'AQUILA;0;0;0;0;0;727;0;0;0;0;0;727
2015;TERAMO;0;0;1;0;0;720;0;0;0;0;2;723
2015;PESCARA;0;2;0;0;0;679;0;0;0;0;0;681
2015;CHIETI;0;2;0;2;0;1422;0;0;0;0;0;1426
2015;CAMPOBASSO;0;0;0;0;0;687;0;0;0;0;0;687
2015;ISERNIA;0;0;2;0;0;361;0;0;0;0;1;364
2015;CASERTA;0;3;0;0;1;2814;0;0;0;0;2;2820
2015;BENEVENTO;0;1;0;0;1;890;0;0;0;0;0;892
2015;NAPOLI;0;11;0;1;0;8021;0;0;0;0;5;8038
2015;AVELLINO;0;0;0;0;0;1770;0;0;0;0;1;1771
2015;SALERNO;0;4;1;0;0;5450;0;0;0;0;0;5455
2015;FOGGIA;0;2;0;0;0;2219;0;0;0;0;0;2221
2015;BARI;0;2;0;3;0;3178;0;0;0;0;1;3184
2015;TARANTO;0;0;0;0;1;977;0;0;0;0;0;978
2015;BRINDISI;0;0;0;0;0;993;0;0;0;0;1;994
2015;LECCE;0;1;1;1;0;985;0;0;0;0;2;990
2015;BARLETTA TRANI;0;1;0;0;0;1064;0;0;0;0;0;1065
2015;POTENZA;0;1;0;0;0;1357;0;0;0;0;1;1359
2015;MATERA;0;3;0;0;0;716;0;0;0;0;0;719
2015;COSENZA;0;2;0;0;0;1400;0;0;0;0;2;1404
2015;CATANZARO;0;1;1;0;0;831;0;0;0;0;0;833
2015;REGGIO CALABRIA;0;2;2;0;0;2033;0;0;0;0;2;2039
2015;CROTONE;0;0;2;0;0;767;0;0;0;0;0;769
2015;VIBO VALENTIA;0;0;0;0;0;451;0;0;0;0;0;451
2015;TRAPANI;0;1;0;0;0;1113;0;0;0;0;0;1114
2015;PALERMO;0;3;0;0;0;2420;0;0;0;0;0;2423
2015;MESSINA;0;2;0;0;0;1115;0;0;0;0;1;1118
2015;AGRIGENTO;0;4;0;0;0;993;0;0;0;0;1;998
2015;CALTANISSETTA;0;1;0;0;0;786;0;0;0;0;0;787
2015;ENNA;0;0;0;0;0;299;0;0;0;0;0;299
2015;CATANIA;0;4;2;0;0;3620;0;0;0;0;0;3626
2015;RAGUSA;0;2;0;0;0;1111;0;0;0;0;0;1113
2015;SIRACUSA;0;1;0;0;1;802;0;0;0;0;0;804
2015;SASSARI;0;1;0;0;0;810;0;0;0;0;0;811
2015;NUORO;0;0;0;0;0;320;0;0;0;0;0;320
2015;CAGLIARI;0;1;0;0;0;1609;0;0;0;0;3;1613
2015;ORISTANO;0;0;0;0;0;378;0;0;0;0;0;378
2015;OLBIA TEMPIO;0;1;0;0;0;593;0;0;0;0;1;595
2015;OGLIASTRA;0;0;0;0;0;108;0;0;0;0;0;108
2015;MEDIO CAMPIDANO;0;0;0;0;0;319;0;0;0;0;0;319
2015;CARBONIA IGLESIAS;0;0;0;0;0;155;0;0;0;0;0;155
2015;NON DEFINITO;0;2;0;0;0;93;0;0;0;0;41;136
;Totale;1;152;33;126;19;153412;0;1;0;0;114;153858
2017;TORINO;0;3;0;13;0;4359;0;0;0;0;0;4375
2017;VERCELLI;0;0;0;0;0;317;0;0;0;0;0;317
2017;NOVARA;0;3;0;0;0;960;0;0;0;0;0;963
2017;CUNEO;0;2;0;8;0;2250;0;0;0;0;1;2261
2017;ASTI;0;0;0;0;0;649;0;0;0;0;0;649
2017;ALESSANDRIA;0;0;0;4;0;2669;0;0;0;0;1;2674
2017;BIELLA;0;2;0;0;0;227;0;0;0;0;0;229
2017;VERBANO CUSIO OSSOLA;0;0;0;0;0;224;0;0;0;0;0;224
2017;AOSTA;0;0;0;0;0;260;0;0;0;0;0;260
2017;VARESE;0;1;1;0;0;1342;0;0;0;0;0;1344
2017;COMO;0;0;0;0;0;1095;0;0;0;0;0;1095
2017;SONDRIO;0;2;0;23;0;670;0;0;0;0;9;704
2017;MILANO;0;5;2;21;0;6193;0;0;0;0;6;6227
2017;BERGAMO;0;1;0;51;0;4503;0;0;0;0;2;4557
2017;BRESCIA;0;1;0;3;6;4175;0;0;0;0;0;4185
2017;PAVIA;0;2;1;0;1;1193;0;0;0;0;0;1197
2017;CREMONA;0;0;2;0;0;921;0;0;0;0;0;923
2017;MANTOVA;0;0;0;0;2;2345;0;0;0;0;2;2349
2017;LECCO;0;0;0;0;0;887;0;0;0;0;0;887
2017;LODI;0;0;0;3;0;563;0;0;0;0;0;566
2017;MONZA BRIANZA;0;1;0;8;0;1281;0;0;0;0;1;1291
2017;BOLZANO;0;1;0;5;0;1547;0;0;0;0;4;1557
2017;TRENTO;0;1;1;9;0;2194;0;0;0;0;0;2205
2017;VERONA;0;0;1;3;0;4136;0;0;0;0;1;4141
2017;VICENZA;0;2;0;1;2;2713;0;0;0;0;0;2718
2017;BELLUNO;0;0;0;2;0;395;0;0;0;0;0;397
2017;TREVISO;0;3;2;21;2;3359;0;0;0;0;1;3388
2017;VENEZIA;0;2;1;25;2;2722;0;0;0;0;0;2752
2017;PADOVA;0;4;4;8;0;4014;0;0;0;0;2;4032
2017;ROVIGO;0;0;0;0;1;833;0;0;0;0;1;835
2017;UDINE;0;1;0;0;0;1444;0;0;0;0;1;1446
2017;GORIZIA;0;0;0;0;0;427;0;0;0;0;1;428
2017;TRIESTE;0;1;0;20;0;925;0;0;0;0;0;946
2017;PORDENONE;0;1;0;0;0;762;0;0;0;0;0;763
2017;IMPERIA;0;0;0;0;0;165;0;0;0;0;0;165
2017;SAVONA;0;0;0;0;0;572;0;0;0;0;0;572
2017;GENOVA;0;3;0;0;0;1764;0;1;0;0;1;1769
2017;LA SPEZIA;1;0;0;0;0;451;0;0;0;0;1;453
2017;PIACENZA;0;2;0;5;0;3101;0;0;0;0;0;3108
2017;PARMA;0;0;1;4;1;2247;0;0;0;0;0;2253
2017;REGGIO EMILIA;0;1;0;0;0;1626;0;0;0;0;0;1627
2017;MODENA;0;1;1;9;0;2051;0;0;0;0;2;2064
2017;BOLOGNA;0;1;0;2;1;1607;0;0;0;0;1;1612
2017;FERRARA;0;4;0;0;0;869;0;0;0;0;0;873
2017;RAVENNA;0;0;0;1;0;1480;0;0;0;0;0;1481
2017;FORLI'-CESENA;0;4;0;5;0;1587;0;0;0;0;1;1597
2017;RIMINI;0;4;0;0;0;701;0;0;0;0;1;706
2017;MASSA CARRARA;0;1;0;14;0;567;0;0;0;0;0;582
2017;LUCCA;0;5;0;2;0;934;0;0;0;0;0;941
2017;PISTOIA;0;0;0;1;0;532;0;0;0;0;1;534
2017;FIRENZE;0;1;4;3;1;1329;0;0;0;0;0;1338
2017;LIVORNO;0;6;0;1;1;1208;0;0;0;0;1;1217
2017;PISA;0;1;0;0;0;755;0;0;0;0;0;756
2017;AREZZO;0;0;0;0;0;636;0;0;0;0;0;636
2017;SIENA;0;0;0;0;0;312;0;0;0;0;0;312
2017;GROSSETO;0;1;1;0;0;339;0;0;0;0;0;341
2017;PRATO;0;1;0;0;0;410;0;0;0;0;0;411
2017;PERUGIA;0;4;0;75;0;2387;0;0;0;0;2;2468
2017;TERNI;0;0;0;0;0;896;0;0;0;0;2;898
2017;PESARO E URBINO;0;1;1;0;0;674;0;0;0;0;1;677
2017;ANCONA;0;0;0;0;0;846;0;0;0;0;0;846
2017;MACERATA;0;1;0;0;0;987;0;0;0;0;1;989
2017;ASCOLI PICENO;0;0;0;6;0;888;0;0;0;0;0;894
2017;FERMO;0;0;0;0;0;270;0;0;0;0;0;270
2017;VITERBO;0;0;0;0;0;482;0;0;0;0;0;482
2017;RIETI;0;0;0;0;0;211;0;0;0;0;0;211
2017;ROMA;0;6;1;41;0;7014;0;0;0;0;4;7066
2017;LATINA;0;3;0;1;0;2249;0;0;0;0;2;2255
2017;FROSINONE;0;3;0;0;0;2861;0;0;0;0;0;2864
2017;L'AQUILA;0;0;0;0;0;854;0;0;0;0;0;854
2017;TERAMO;0;0;1;0;0;756;0;0;0;0;2;759
2017;PESCARA;0;2;0;2;0;766;0;0;0;0;0;770
2017;CHIETI;0;2;0;3;0;1594;0;0;0;0;0;1599
2017;CAMPOBASSO;0;0;0;1;0;777;0;0;0;0;4;782
2017;ISERNIA;0;0;2;0;0;452;0;0;0;0;1;455
2017;CASERTA;0;3;0;0;1;3176;0;0;0;0;2;3182
2017;BENEVENTO;0;1;0;0;1;1044;0;0;0;0;2;1048
2017;NAPOLI;0;11;0;33;0;9135;0;0;0;0;5;9184
2017;AVELLINO;0;0;0;0;0;2073;0;0;0;0;3;2076
2017;SALERNO;0;5;1;36;0;6575;0;0;0;0;0;6617
2017;FOGGIA;0;2;0;0;0;2713;0;0;0;0;1;2716
2017;BARI;0;2;0;3;0;3557;0;0;0;0;1;3563
2017;TARANTO;0;0;0;1;1;1081;0;0;0;0;0;1083
2017;BRINDISI;0;0;0;0;0;1054;0;0;0;0;1;1055
2017;LECCE;0;1;1;1;0;1084;0;0;0;0;2;1089
2017;BARLETTA TRANI;0;0;0;0;0;1260;0;0;0;0;0;1260
2017;POTENZA;0;2;0;0;0;1549;0;0;0;0;1;1552
2017;MATERA;0;2;0;0;0;800;0;0;0;0;0;802
2017;COSENZA;0;2;0;0;0;1661;0;0;0;0;3;1666
2017;CATANZARO;0;1;0;0;0;940;0;0;0;0;0;941
2017;REGGIO CALABRIA;0;4;2;0;0;2218;0;0;0;0;2;2226
2017;CROTONE;0;0;2;0;0;799;0;0;0;0;0;801
2017;VIBO VALENTIA;0;0;0;0;0;503;0;0;0;0;0;503
2017;TRAPANI;0;0;0;0;0;1145;0;0;0;0;0;1145
2017;PALERMO;0;3;0;0;0;2679;0;0;0;0;0;2682
2017;MESSINA;0;2;0;0;0;1185;0;0;0;0;0;1187
2017;AGRIGENTO;0;4;0;0;1;1049;0;0;0;0;1;1055
2017;CALTANISSETTA;0;1;0;0;0;880;0;0;0;0;1;882
2017;ENNA;0;0;0;0;0;314;0;0;0;0;0;314
2017;CATANIA;0;4;2;5;0;4218;0;0;0;0;0;4229
2017;RAGUSA;0;2;0;0;0;1246;0;0;0;0;0;1248
2017;SIRACUSA;0;1;0;0;1;842;0;0;0;0;0;844
2017;SASSARI;0;2;0;4;0;1522;0;0;0;0;1;1529
2017;NUORO;0;0;0;0;0;444;0;0;0;0;0;444
2017;CAGLIARI;0;0;0;0;0;1348;0;0;0;0;3;1351
2017;ORISTANO;0;0;0;0;0;404;0;0;0;0;0;404
2017;NON DEFINITO;0;2;0;0;0;93;0;0;0;0;41;136
2017;SUD SARDEGNA;0;1;0;0;0;870;0;0;0;0;0;871
;Totale;1;155;35;487;25;172222;0;1;0;0;131;173057
2018;TORINO;0;3;0;21;0;4682;0;0;0;0;0;4706
2018;VERCELLI;0;0;0;0;0;317;0;0;0;0;0;317
2018;NOVARA;0;3;0;1;0;1047;0;0;0;0;0;1051
2018;CUNEO;0;2;0;10;0;2465;0;0;0;0;0;2477
2018;ASTI;0;0;0;0;0;675;0;0;0;0;0;675
2018;ALESSANDRIA;0;0;0;7;0;2798;0;0;0;0;0;2805
2018;BIELLA;0;2;0;0;0;235;0;0;0;0;0;237
2018;VERBANO CUSIO OSSOLA;0;0;0;0;0;230;0;0;0;0;0;230
2018;AOSTA;0;0;0;0;0;268;0;0;0;0;0;268
2018;VARESE;0;1;1;0;0;1383;0;0;0;0;0;1385
2018;COMO;0;0;0;0;0;1130;0;0;0;0;0;1130
2018;SONDRIO;0;2;0;24;0;714;0;0;0;0;9;749
2018;MILANO;0;5;2;56;0;6604;0;0;0;0;6;6673
2018;BERGAMO;0;2;0;143;0;4670;0;0;0;0;13;4828
2018;BRESCIA;0;2;0;5;6;4416;0;0;0;0;0;4429
2018;PAVIA;0;2;1;6;1;1267;0;0;0;0;0;1277
2018;CREMONA;0;0;2;0;0;968;0;0;0;0;0;970
2018;MANTOVA;0;0;0;16;2;2429;0;0;0;0;2;2449
2018;LECCO;0;0;0;0;0;869;0;0;0;0;0;869
2018;LODI;0;0;0;5;0;576;0;0;0;0;0;581
2018;MONZA BRIANZA;0;1;0;21;0;1341;0;0;0;0;1;1364
2018;BOLZANO;0;1;0;8;0;1863;0;0;0;0;4;1876
2018;TRENTO;0;1;1;14;0;2472;0;0;0;0;7;2495
2018;VERONA;0;0;1;17;0;4439;0;0;0;0;0;4457
2018;VICENZA;0;1;0;6;2;2922;0;0;1;0;0;2932
2018;BELLUNO;0;0;0;2;0;410;0;0;0;0;0;412
2018;TREVISO;0;3;3;35;2;3489;0;0;0;0;1;3533
2018;VENEZIA;0;2;1;58;2;2889;0;0;0;0;1;2953
2018;PADOVA;0;4;5;14;0;4148;0;0;0;0;1;4172
2018;ROVIGO;0;0;0;0;1;895;0;0;0;0;1;897
2018;UDINE;0;1;0;0;0;1500;0;0;0;0;0;1501
2018;GORIZIA;0;0;0;0;0;446;0;0;0;0;1;447
2018;TRIESTE;0;1;0;39;0;940;0;0;0;0;0;980
2018;PORDENONE;0;1;1;0;0;820;0;0;0;0;0;822
2018;IMPERIA;0;0;0;0;0;171;0;0;0;0;0;171
2018;SAVONA;0;0;0;0;0;600;0;0;0;0;0;600
2018;GENOVA;0;3;0;21;1;1861;0;1;0;0;1;1888
2018;LA SPEZIA;1;0;0;0;0;474;0;0;0;0;1;476
2018;PIACENZA;0;2;0;18;0;3291;0;0;0;0;0;3311
2018;PARMA;0;0;1;13;1;2522;0;0;0;0;0;2537
2018;REGGIO EMILIA;0;1;0;0;0;1689;0;0;0;0;0;1690
2018;MODENA;0;1;1;9;0;2182;0;0;0;0;1;2194
2018;BOLOGNA;0;1;0;5;1;1678;0;0;0;0;1;1686
2018;FERRARA;0;4;0;2;0;881;0;0;0;0;0;887
2018;RAVENNA;0;0;0;3;0;1558;0;0;0;0;0;1561
2018;FORLI'-CESENA;0;5;0;5;0;1729;0;0;0;0;1;1740
2018;RIMINI;0;4;0;1;0;759;0;0;0;0;1;765
2018;MASSA CARRARA;0;1;0;19;0;568;0;0;0;0;0;588
2018;LUCCA;0;7;0;4;0;941;0;0;0;0;4;956
2018;PISTOIA;0;0;0;1;0;585;0;0;0;0;0;586
2018;FIRENZE;0;1;4;7;1;1335;0;0;0;0;0;1348
2018;LIVORNO;0;6;0;2;1;1254;0;0;0;0;1;1264
2018;PISA;0;1;0;1;0;826;0;0;0;0;0;828
2018;AREZZO;0;0;0;0;0;671;0;0;0;0;0;671
2018;SIENA;0;0;0;1;0;330;0;0;0;0;0;331
2018;GROSSETO;0;1;0;0;0;352;0;0;0;0;0;353
2018;PRATO;0;1;0;0;0;445;0;0;0;0;0;446
2018;PERUGIA;0;4;0;150;0;2510;0;0;0;0;2;2666
2018;TERNI;0;0;0;0;0;896;0;0;0;0;2;898
2018;PESARO E URBINO;0;1;1;2;0;667;0;0;0;0;1;672
2018;ANCONA;0;0;0;1;0;896;0;0;0;0;0;897
2018;MACERATA;0;1;0;0;0;1088;0;0;0;0;1;1090
2018;ASCOLI PICENO;0;0;0;10;0;1016;0;0;0;0;0;1026
2018;FERMO;0;0;0;0;0;288;0;0;0;0;0;288
2018;VITERBO;0;0;0;0;0;500;0;0;0;0;0;500
2018;RIETI;0;0;0;0;0;231;0;0;0;0;0;231
2018;ROMA;0;6;2;82;0;7503;0;0;0;0;3;7596
2018;LATINA;0;3;0;3;0;2286;0;0;0;0;2;2294
2018;FROSINONE;0;3;0;0;0;3011;0;0;0;0;0;3014
2018;L'AQUILA;0;0;0;0;0;895;0;0;0;0;0;895
2018;TERAMO;0;1;1;0;0;754;0;0;0;0;2;758
2018;PESCARA;0;2;0;2;0;862;0;0;0;0;0;866
2018;CHIETI;0;2;0;4;1;1665;0;0;0;0;0;1672
2018;CAMPOBASSO;0;0;0;5;0;842;0;0;0;0;3;850
2018;ISERNIA;0;0;2;0;0;464;0;0;0;0;1;467
2018;CASERTA;0;3;0;5;1;3374;0;0;0;0;2;3385
2018;BENEVENTO;0;1;0;0;1;1123;0;0;0;0;2;1127
2018;NAPOLI;0;11;0;89;0;9674;0;0;0;0;4;9778
2018;AVELLINO;0;0;0;0;0;2156;0;0;0;0;3;2159
2018;SALERNO;0;4;1;79;0;7156;0;0;0;0;0;7240
2018;FOGGIA;0;2;0;0;0;2798;0;0;0;0;1;2801
2018;BARI;0;2;0;4;0;3730;0;0;0;0;1;3737
2018;TARANTO;0;0;0;1;2;1133;0;0;0;0;0;1136
2018;BRINDISI;0;0;0;0;0;1088;0;0;0;0;1;1089
2018;LECCE;0;1;1;0;0;1127;0;0;0;0;1;1130
2018;BARLETTA TRANI;0;0;0;0;0;1353;0;0;0;0;0;1353
2018;POTENZA;0;2;0;0;0;1669;0;0;0;0;1;1672
2018;MATERA;0;2;0;0;0;821;0;0;0;0;0;823
2018;COSENZA;0;2;0;6;0;1845;0;0;0;0;3;1856
2018;CATANZARO;0;1;0;3;0;984;0;0;0;0;0;988
2018;REGGIO CALABRIA;0;4;2;0;0;2322;0;0;0;0;1;2329
2018;CROTONE;0;0;2;0;0;857;0;0;0;0;0;859
2018;VIBO VALENTIA;0;0;0;1;0;527;0;0;0;0;0;528
2018;TRAPANI;0;0;0;0;0;1162;0;0;0;0;0;1162
2018;PALERMO;0;3;0;2;0;2851;0;0;0;0;0;2856
2018;MESSINA;0;1;1;0;0;1284;0;0;0;0;0;1286
2018;AGRIGENTO;0;4;1;0;1;1097;0;0;0;0;1;1104
2018;CALTANISSETTA;0;1;0;1;0;933;0;0;0;0;1;936
2018;ENNA;0;0;0;0;0;318;0;0;0;0;0;318
2018;CATANIA;0;3;2;18;0;4470;0;0;0;0;0;4493
2018;RAGUSA;0;2;0;0;0;1313;0;0;0;0;0;1315
2018;SIRACUSA;0;1;0;0;1;841;0;0;0;0;0;843
2018;SASSARI;0;2;0;4;0;1542;0;0;0;0;1;1549
2018;NUORO;0;0;0;0;0;463;0;0;0;0;0;463
2018;CAGLIARI;0;0;0;0;0;1452;0;0;0;0;2;1454
2018;ORISTANO;0;0;0;0;0;427;0;0;0;0;0;427
2018;NON DEFINITO;0;2;0;0;0;91;0;0;0;0;41;134
2018;SUD SARDEGNA;0;1;0;0;0;897;0;0;0;0;0;898
;Totale;1;157;40;1092;28;182271;0;1;1;0;141;183732
2019;TORINO;0;3;0;59;0;4719;0;0;0;0;0;4781
2019;VERCELLI;0;0;0;0;0;324;0;0;0;0;0;324
2019;NOVARA;0;2;0;4;0;1053;0;0;0;0;0;1059
2019;CUNEO;0;2;0;11;0;2489;0;0;0;0;1;2503
2019;ASTI;0;0;0;1;0;650;0;0;0;0;1;652
2019;ALESSANDRIA;0;0;0;16;1;2952;0;1;0;0;2;2972
2019;BIELLA;0;3;0;2;0;211;0;0;0;0;0;216
2019;VERBANO CUSIO OSSOLA;0;0;0;0;0;236;0;0;0;0;0;236
2019;AOSTA;0;0;0;0;0;259;0;0;0;0;0;259
2019;VARESE;0;1;1;0;0;1394;0;0;0;0;0;1396
2019;COMO;0;0;0;0;0;1164;0;0;0;0;0;1164
2019;SONDRIO;0;2;0;25;0;713;0;0;0;0;9;749
2019;MILANO;0;5;2;105;0;6702;0;0;0;0;12;6826
2019;BERGAMO;0;1;0;228;0;4748;0;0;0;0;79;5056
2019;BRESCIA;0;2;0;12;5;4519;0;0;0;0;0;4538
2019;PAVIA;0;2;2;15;1;1326;0;0;0;0;0;1346
2019;CREMONA;0;0;2;0;0;1006;0;0;0;0;0;1008
2019;MANTOVA;0;0;0;21;2;2525;0;0;0;0;4;2552
2019;LECCO;0;0;0;2;0;846;0;0;0;0;0;848
2019;LODI;0;0;0;25;0;581;0;0;0;0;0;606
2019;MONZA BRIANZA;0;1;0;40;0;1403;0;0;0;0;2;1446
2019;BOLZANO;0;1;0;28;0;2109;0;0;0;0;6;2144
2019;TRENTO;0;1;1;17;0;2617;0;0;0;0;14;2650
2019;VERONA;0;0;1;40;2;4686;0;0;0;0;5;4734
2019;VICENZA;0;1;1;8;0;3030;0;0;1;0;0;3041
2019;BELLUNO;0;0;0;3;0;431;0;0;0;0;0;434
2019;TREVISO;0;3;3;66;2;3542;0;0;0;0;1;3617
2019;VENEZIA;0;1;1;109;2;2918;0;0;0;0;3;3034
2019;PADOVA;0;4;5;29;0;4263;0;0;0;0;1;4302
2019;ROVIGO;0;1;0;0;1;952;0;0;0;0;1;955
2019;UDINE;0;1;0;0;0;1574;0;0;0;0;0;1575
2019;GORIZIA;0;0;0;0;0;434;0;0;0;0;0;434
2019;TRIESTE;0;1;0;39;0;945;0;0;0;0;0;985
2019;PORDENONE;0;1;1;2;0;855;0;0;0;0;0;859
2019;IMPERIA;0;0;0;0;0;170;0;0;0;0;0;170
2019;SAVONA;0;0;0;0;0;625;0;0;0;0;0;625
2019;GENOVA;0;3;0;50;1;1830;0;0;0;0;1;1885
2019;LA SPEZIA;1;0;0;2;0;476;0;0;0;0;0;479
2019;PIACENZA;0;2;0;43;0;3331;0;0;0;0;6;3382
2019;PARMA;0;0;1;16;1;2537;0;0;0;0;0;2555
2019;REGGIO EMILIA;0;1;0;4;0;1687;0;0;0;0;0;1692
2019;MODENA;0;1;1;16;0;2237;0;0;0;0;3;2258
2019;BOLOGNA;0;1;0;8;1;1746;0;0;0;0;1;1757
2019;FERRARA;0;4;0;2;0;884;0;0;0;0;2;892
2019;RAVENNA;0;0;0;12;0;1515;0;0;0;0;0;1527
2019;FORLI'-CESENA;0;5;0;5;0;1800;0;0;0;0;3;1813
2019;RIMINI;0;4;0;8;0;754;0;0;0;0;2;768
2019;MASSA CARRARA;0;1;0;22;0;586;0;0;0;0;0;609
2019;LUCCA;0;6;0;5;0;949;0;0;0;0;8;968
2019;PISTOIA;0;0;0;4;0;597;0;0;0;0;0;601
2019;FIRENZE;0;1;3;9;1;1358;0;0;0;0;0;1372
2019;LIVORNO;0;6;1;2;1;1277;0;0;0;0;1;1288
2019;PISA;0;1;0;4;0;918;0;0;0;0;0;923
2019;AREZZO;0;0;0;1;0;638;0;0;0;0;0;639
2019;SIENA;0;0;0;2;0;319;0;0;0;0;0;321
2019;GROSSETO;0;1;0;1;0;358;0;0;0;0;0;360
2019;PRATO;0;1;0;0;0;451;0;0;0;0;1;453
2019;PERUGIA;0;4;0;193;0;2553;0;0;0;0;4;2754
2019;TERNI;0;0;0;8;0;894;0;0;0;0;2;904
2019;PESARO E URBINO;0;1;0;4;0;703;0;0;0;0;1;709
2019;ANCONA;0;0;0;2;0;924;0;0;0;0;0;926
2019;MACERATA;0;1;0;9;0;1104;0;0;0;0;1;1115
2019;ASCOLI PICENO;0;0;0;8;0;1028;0;0;0;0;0;1036
2019;FERMO;0;0;0;1;0;303;0;0;0;0;0;304
2019;VITERBO;0;0;0;0;0;526;0;0;0;0;0;526
2019;RIETI;0;0;0;0;0;239;0;0;0;0;0;239
2019;ROMA;0;6;2;118;0;7805;0;0;0;0;3;7934
2019;LATINA;0;4;0;8;0;2344;0;0;0;0;2;2358
2019;FROSINONE;0;3;0;6;0;3109;0;0;0;0;2;3120
2019;L'AQUILA;0;0;0;0;0;917;0;0;0;0;0;917
2019;TERAMO;0;1;1;0;0;804;0;0;0;0;2;808
2019;PESCARA;0;2;0;4;0;889;0;0;0;0;0;895
2019;CHIETI;0;2;0;9;1;1776;0;0;0;0;0;1788
2019;CAMPOBASSO;0;0;0;8;0;895;0;0;0;0;3;906
2019;ISERNIA;0;0;2;1;0;494;0;0;0;0;1;498
2019;CASERTA;0;2;0;11;1;3506;0;0;0;0;2;3522
2019;BENEVENTO;0;1;0;2;1;1214;0;0;0;0;2;1220
2019;NAPOLI;0;12;0;110;0;10005;0;0;0;0;5;10132
2019;AVELLINO;0;0;0;6;0;2273;0;0;0;0;3;2282
2019;SALERNO;0;4;1;137;0;7601;0;0;0;0;0;7743
2019;FOGGIA;0;2;0;4;0;2880;0;0;0;0;0;2886
2019;BARI;0;2;0;4;0;3829;0;0;0;0;1;3836
2019;TARANTO;0;0;0;2;2;1162;0;0;0;0;1;1167
2019;BRINDISI;0;0;0;1;0;1121;0;0;0;0;1;1123
2019;LECCE;0;1;1;1;0;1192;0;0;0;0;1;1196
2019;BARLETTA TRANI;0;0;0;1;0;1363;0;0;0;0;2;1366
2019;POTENZA;0;2;0;20;0;1797;0;0;0;0;1;1820
2019;MATERA;0;2;0;0;0;864;0;0;0;0;0;866
2019;COSENZA;0;2;0;6;0;1916;0;0;0;0;4;1928
2019;CATANZARO;0;1;0;3;0;1086;0;0;0;0;0;1090
2019;REGGIO CALABRIA;0;4;2;0;0;2359;0;0;0;0;1;2366
2019;CROTONE;0;0;2;0;0;885;0;0;0;0;0;887
2019;VIBO VALENTIA;0;0;0;1;0;538;0;0;0;0;0;539
2019;TRAPANI;0;0;0;0;0;1198;0;0;0;0;0;1198
2019;PALERMO;0;4;0;2;0;2933;0;0;0;0;1;2940
2019;MESSINA;0;1;1;0;0;1325;0;0;0;0;0;1327
2019;AGRIGENTO;0;4;1;0;1;1133;0;0;0;0;1;1140
2019;CALTANISSETTA;0;1;0;1;0;976;0;0;0;0;1;979
2019;ENNA;0;0;0;0;0;344;0;0;0;0;0;344
2019;CATANIA;0;3;2;31;0;4707;0;0;0;0;0;4743
2019;RAGUSA;0;2;0;1;0;1375;0;0;0;0;0;1378
2019;SIRACUSA;0;1;0;0;1;900;0;0;0;0;0;902
2019;SASSARI;0;2;0;4;0;1551;0;0;0;0;1;1558
2019;NUORO;0;0;0;0;0;487;0;0;0;0;0;487
2019;CAGLIARI;0;0;0;0;0;1489;0;0;0;0;2;1491
2019;ORISTANO;0;0;0;0;0;433;0;0;0;0;0;433
2019;NON DEFINITO;0;2;0;0;0;89;0;0;0;0;41;132
2019;SUD SARDEGNA;0;1;0;0;0;906;0;0;0;0;0;907
;Totale;1;157;41;1850;28;187963;0;1;1;0;261;190303
2020;TORINO;0;3;0;1;0;4723;0;0;0;73;8;4808
2020;VERCELLI;0;0;0;0;0;340;0;0;0;0;0;340
2020;NOVARA;0;2;0;2;0;1047;0;0;0;3;1;1055
2020;CUNEO;0;2;0;0;0;2524;0;0;0;10;4;2540
2020;ASTI;0;0;0;0;0;638;0;0;0;1;1;640
2020;ALESSANDRIA;1;0;0;0;0;2963;0;1;0;14;3;2982
2020;BIELLA;0;3;0;0;0;216;0;0;0;2;0;221
2020;VERBANO CUSIO OSSOLA;0;0;0;0;0;241;0;0;0;0;0;241
2020;AOSTA;0;0;0;0;0;267;0;0;0;0;0;267
2020;VARESE;0;1;0;0;0;1390;0;0;0;0;0;1391
2020;COMO;0;0;1;0;0;1182;0;0;0;1;0;1184
2020;SONDRIO;0;2;0;0;0;713;0;0;0;26;2;743
2020;MILANO;0;4;2;4;0;6744;0;0;0;131;32;6917
2020;BERGAMO;0;1;0;0;0;4825;0;0;0;313;81;5220
2020;BRESCIA;0;2;0;0;5;4677;0;0;0;17;0;4701
2020;PAVIA;0;2;2;2;1;1320;0;0;0;18;0;1345
2020;CREMONA;0;0;2;0;0;1046;0;0;0;0;0;1048
2020;MANTOVA;1;0;0;0;0;2610;0;0;0;32;5;2648
2020;LECCO;0;0;0;0;0;836;0;0;0;7;0;843
2020;LODI;0;0;0;0;0;618;0;0;0;26;0;644
2020;MONZA BRIANZA;0;1;0;0;0;1446;0;0;0;42;2;1491
2020;BOLZANO;0;1;0;0;0;2326;0;0;0;47;7;2381
2020;TRENTO;0;1;1;0;1;2696;0;0;0;15;11;2725
2020;VERONA;0;0;1;2;2;4850;0;0;0;56;75;4986
2020;VICENZA;0;1;1;0;0;3122;0;0;1;14;0;3139
2020;BELLUNO;0;0;0;0;0;437;0;0;0;4;0;441
2020;TREVISO;0;3;3;0;2;3565;0;0;0;72;3;3648
2020;VENEZIA;0;1;1;4;2;2933;0;0;0;154;8;3103
2020;PADOVA;0;4;4;4;0;4357;0;0;0;42;1;4412
2020;ROVIGO;1;1;0;0;0;989;0;0;0;0;1;992
2020;UDINE;0;1;0;0;0;1563;0;0;0;0;0;1564
2020;GORIZIA;0;0;0;0;0;443;0;0;0;0;0;443
2020;TRIESTE;0;1;0;5;0;956;0;0;0;34;0;996
2020;PORDENONE;0;1;1;0;0;859;0;0;0;2;0;863
2020;IMPERIA;0;0;0;0;0;180;0;0;0;1;0;181
2020;SAVONA;0;0;0;0;0;621;0;0;0;2;0;623
2020;GENOVA;1;3;0;0;0;1794;0;0;0;78;5;1881
2020;LA SPEZIA;1;0;0;0;0;476;0;0;0;1;0;478
2020;PIACENZA;0;2;0;2;0;3486;0;0;0;86;6;3582
2020;PARMA;0;0;1;2;1;2492;0;0;0;14;2;2512
2020;REGGIO EMILIA;0;1;0;0;0;1690;0;0;0;5;1;1697
2020;MODENA;0;1;1;8;0;2300;0;0;0;18;6;2334
2020;BOLOGNA;0;1;0;0;1;1764;0;0;0;9;1;1776
2020;FERRARA;0;4;0;0;0;892;0;0;0;4;3;903
2020;RAVENNA;0;0;0;0;0;1546;0;0;0;35;0;1581
2020;FORLI'-CESENA;0;5;0;0;0;1833;0;0;0;6;5;1849
2020;RIMINI;0;3;1;0;0;709;0;0;0;19;1;733
2020;MASSA CARRARA;0;1;0;0;0;590;0;0;0;25;0;616
2020;LUCCA;0;6;0;0;0;955;0;0;0;12;9;982
2020;PISTOIA;0;0;0;1;0;628;0;0;0;8;0;637
2020;FIRENZE;0;1;3;1;1;1366;0;0;0;11;0;1383
2020;LIVORNO;0;6;1;0;1;1285;0;0;0;2;1;1296
2020;PISA;0;1;0;0;0;948;0;0;0;7;0;956
2020;AREZZO;0;0;0;0;0;643;0;0;0;1;0;644
2020;SIENA;0;0;0;0;0;342;0;0;0;2;0;344
2020;GROSSETO;0;2;0;0;0;364;0;0;0;1;0;367
2020;PRATO;0;1;0;0;0;452;0;0;0;0;1;454
2020;PERUGIA;0;4;0;0;0;2557;0;0;0;242;7;2810
2020;TERNI;0;0;0;0;0;915;0;0;0;10;2;927
2020;PESARO E URBINO;0;1;0;0;0;729;0;0;0;6;1;737
2020;ANCONA;0;0;0;0;0;945;0;0;0;6;0;951
2020;MACERATA;0;1;0;0;0;1133;0;0;0;16;1;1151
2020;ASCOLI PICENO;0;0;0;0;0;1028;0;0;0;7;0;1035
2020;FERMO;0;0;0;0;0;304;0;0;0;1;0;305
2020;VITERBO;0;0;0;0;0;574;0;0;0;0;0;574
2020;RIETI;0;0;0;0;0;232;0;0;0;0;0;232
2020;ROMA;0;6;2;3;0;7989;0;0;0;127;4;8131
2020;LATINA;0;4;0;0;0;2362;0;0;0;12;2;2380
2020;FROSINONE;0;3;0;0;0;3165;0;0;0;9;2;3179
2020;L'AQUILA;0;0;0;0;0;946;0;0;0;2;0;948
2020;TERAMO;0;1;1;0;0;820;0;0;0;1;2;825
2020;PESCARA;0;2;0;0;0;986;0;0;0;4;0;992
2020;CHIETI;0;2;0;0;1;1792;0;0;0;10;0;1805
2020;CAMPOBASSO;0;0;0;0;0;905;0;0;0;8;3;916
2020;ISERNIA;0;0;2;0;0;538;0;0;0;2;0;542
2020;CASERTA;1;2;0;0;0;3665;0;0;0;30;5;3703
2020;BENEVENTO;0;1;0;0;1;1258;0;0;0;2;2;1264
2020;NAPOLI;0;13;0;3;0;10287;0;0;0;125;5;10433
2020;AVELLINO;0;0;0;0;0;2444;0;0;0;6;3;2453
2020;SALERNO;0;4;1;1;0;7910;0;0;0;142;0;8058
2020;FOGGIA;0;2;0;0;0;2999;0;0;0;6;1;3008
2020;BARI;0;2;0;0;0;3962;0;0;0;7;1;3972
2020;TARANTO;2;0;0;0;0;1211;0;0;0;2;1;1216
2020;BRINDISI;0;0;0;0;0;1171;0;0;0;2;1;1174
2020;LECCE;0;1;1;0;0;1232;0;0;0;1;1;1236
2020;BARLETTA TRANI;0;0;0;0;0;1423;0;0;0;1;4;1428
2020;POTENZA;0;2;0;0;0;1847;0;0;0;47;1;1897
2020;MATERA;0;2;0;0;0;878;0;0;0;0;0;880
2020;COSENZA;0;2;0;0;0;1958;0;0;0;6;6;1972
2020;CATANZARO;0;1;0;0;0;1153;0;0;0;5;0;1159
2020;REGGIO CALABRIA;0;4;2;0;0;2442;0;0;0;6;2;2456
2020;CROTONE;0;0;2;0;0;906;0;0;0;0;0;908
2020;VIBO VALENTIA;0;0;0;0;0;543;0;0;0;1;0;544
2020;TRAPANI;0;0;0;0;0;1234;0;0;0;0;0;1234
2020;PALERMO;1;4;0;0;0;2956;0;0;0;2;4;2967
2020;MESSINA;0;1;1;0;0;1355;0;0;0;0;0;1357
2020;AGRIGENTO;0;5;1;0;1;1177;0;0;0;0;1;1185
2020;CALTANISSETTA;0;1;0;0;0;975;0;0;0;3;1;980
2020;ENNA;0;0;0;0;0;333;0;0;0;0;0;333
2020;CATANIA;0;3;2;0;0;4835;0;0;0;48;55;4943
2020;RAGUSA;0;2;0;0;0;1446;0;0;0;1;0;1449
2020;SIRACUSA;0;1;0;0;1;925;0;0;0;0;0;927
2020;SASSARI;0;2;0;0;0;1591;0;0;0;4;1;1598
2020;NUORO;0;0;0;0;0;495;0;0;0;0;0;495
2020;CAGLIARI;0;0;0;0;0;1542;0;0;0;0;1;1543
2020;ORISTANO;0;0;0;0;0;450;0;0;0;0;0;450
2020;NON DEFINITO;0;2;0;0;0;92;0;0;0;0;41;135
2020;SUD SARDEGNA;0;1;0;0;0;900;0;0;0;0;0;901
;Totale;9;158;41;45;21;192333;0;1;1;2413;447;195469
2021;TORINO;0;3;0;2;0;4868;0;0;0;136;6;5015
2021;VERCELLI;0;0;0;0;0;356;0;0;0;0;0;356
2021;NOVARA;0;2;0;2;0;1056;0;0;0;7;2;1069
2021;CUNEO;0;2;0;0;0;2614;0;0;0;24;4;2644
2021;ASTI;0;0;0;0;0;657;0;0;0;3;2;662
2021;ALESSANDRIA;1;0;0;0;0;3113;0;1;0;14;6;3135
2021;BIELLA;0;3;0;0;0;227;0;0;0;2;0;232
2021;VERBANO CUSIO OSSOLA;0;0;0;0;0;259;0;0;0;0;0;259
2021;AOSTA;0;0;0;0;0;280;0;0;0;0;0;280
2021;VARESE;0;1;0;0;0;1461;0;0;0;0;0;1462
2021;COMO;0;0;1;0;0;1257;0;0;0;6;1;1265
2021;SONDRIO;0;2;0;0;0;719;1;0;0;26;2;750
2021;MILANO;0;4;2;4;0;7153;0;0;0;224;33;7420
2021;BERGAMO;0;1;0;0;0;5006;0;0;0;399;82;5488
2021;BRESCIA;0;2;0;0;5;5069;0;0;0;29;0;5105
2021;PAVIA;0;2;3;0;1;1376;0;0;0;19;0;1401
2021;CREMONA;0;0;3;0;0;1199;0;0;0;1;0;1203
2021;MANTOVA;1;0;0;0;0;2511;0;0;0;38;5;2555
2021;LECCO;0;0;0;0;0;824;0;0;0;20;0;844
2021;LODI;0;0;0;0;0;652;0;0;0;33;0;685
2021;MONZA BRIANZA;0;1;0;0;0;1533;0;0;0;62;2;1598
2021;BOLZANO;0;1;0;0;0;2704;2;0;0;134;9;2850
2021;TRENTO;0;0;0;0;1;2867;0;0;0;34;10;2912
2021;VERONA;0;0;2;2;2;5141;5;0;0;90;90;5332
2021;VICENZA;0;1;1;0;0;3281;0;0;1;25;0;3309
2021;BELLUNO;0;0;0;0;0;447;0;0;0;5;0;452
2021;TREVISO;0;3;3;0;4;3666;0;0;0;72;4;3752
2021;VENEZIA;0;1;1;4;3;3065;18;0;0;182;4;3278
2021;PADOVA;0;4;4;4;0;4601;0;0;0;60;0;4673
2021;ROVIGO;1;1;0;0;0;1017;0;0;0;1;3;1023
2021;UDINE;0;1;0;0;0;1627;0;0;0;1;0;1629
2021;GORIZIA;0;0;0;0;0;467;0;0;0;0;0;467
2021;TRIESTE;0;1;0;5;0;975;0;0;0;34;0;1015
2021;PORDENONE;0;1;1;0;0;803;0;0;0;22;0;827
2021;IMPERIA;0;0;0;0;0;193;0;0;0;2;0;195
2021;SAVONA;0;0;0;0;0;639;0;0;0;2;0;641
2021;GENOVA;1;3;0;0;0;1835;0;0;0;90;5;1934
2021;LA SPEZIA;1;0;0;0;0;528;0;0;0;1;0;530
2021;PIACENZA;0;2;0;2;0;3295;0;0;0;87;5;3391
2021;PARMA;0;0;0;2;1;2562;0;0;0;17;1;2583
2021;REGGIO EMILIA;0;1;0;0;0;1753;0;0;0;5;0;1759
2021;MODENA;0;1;1;7;0;2378;0;0;0;22;7;2416
2021;BOLOGNA;0;1;0;0;1;1823;0;0;0;12;1;1838
2021;FERRARA;0;5;0;0;0;922;0;0;0;4;4;935
2021;RAVENNA;0;0;0;0;0;1603;0;0;0;60;0;1663
2021;FORLI'-CESENA;0;4;0;0;0;1821;0;0;0;14;5;1844
2021;RIMINI;0;3;1;0;0;695;0;0;0;35;1;735
2021;MASSA CARRARA;0;1;0;0;0;620;0;0;0;25;0;646
2021;LUCCA;0;7;0;0;0;1021;0;0;0;17;9;1054
2021;PISTOIA;0;0;0;1;0;644;0;0;0;8;0;653
2021;FIRENZE;0;1;3;1;1;1391;0;0;0;9;0;1406
2021;LIVORNO;0;6;1;1;1;1406;0;0;0;3;1;1419
2021;PISA;0;1;0;0;0;998;0;0;0;14;0;1013
2021;AREZZO;0;0;0;0;0;626;0;0;0;1;0;627
2021;SIENA;0;0;0;0;0;350;0;0;0;2;0;352
2021;GROSSETO;0;2;0;0;0;384;0;0;0;1;0;387
2021;PRATO;0;1;0;0;0;472;0;0;0;0;3;476
2021;PERUGIA;0;3;0;2;0;2683;0;0;0;249;7;2944
2021;TERNI;0;0;0;0;0;940;0;0;0;22;2;964
2021;PESARO E URBINO;0;1;0;0;0;752;0;0;0;11;0;764
2021;ANCONA;0;0;0;0;0;1016;0;0;0;7;0;1023
2021;MACERATA;0;0;0;0;0;1210;0;0;0;21;1;1232
2021;ASCOLI PICENO;0;0;1;0;0;1024;0;0;0;7;0;1032
2021;FERMO;0;0;0;0;0;320;1;0;0;2;0;323
2021;VITERBO;0;0;0;0;0;579;0;0;0;0;0;579
2021;RIETI;0;0;0;0;0;240;0;0;0;0;0;240
2021;ROMA;0;8;2;3;0;8182;0;0;0;153;3;8351
2021;LATINA;0;4;0;0;0;2500;0;0;0;15;2;2521
2021;FROSINONE;0;2;0;0;0;3283;0;0;0;9;3;3297
2021;L'AQUILA;0;0;0;0;0;977;0;0;0;2;0;979
2021;TERAMO;0;1;0;0;0;857;2;0;0;4;5;869
2021;PESCARA;0;2;0;0;0;1044;1;0;0;20;1;1068
2021;CHIETI;0;2;0;0;1;1900;0;0;0;22;0;1925
2021;CAMPOBASSO;0;0;0;0;0;966;1;0;0;11;3;981
2021;ISERNIA;0;0;2;0;0;573;0;0;0;2;0;577
2021;CASERTA;1;2;0;0;0;3847;0;0;0;46;6;3902
2021;BENEVENTO;0;1;0;0;1;1274;0;0;0;5;1;1282
2021;NAPOLI;0;12;1;3;0;10862;0;0;0;143;5;11026
2021;AVELLINO;0;0;0;0;0;2807;0;0;0;4;3;2814
2021;SALERNO;0;4;0;1;0;8451;0;0;0;174;0;8630
2021;FOGGIA;0;2;0;0;0;3139;0;0;0;8;1;3150
2021;BARI;0;2;0;0;0;4206;0;0;0;14;1;4223
2021;TARANTO;1;0;0;0;0;1278;0;0;0;6;3;1288
2021;BRINDISI;0;0;0;0;0;1250;0;0;0;4;0;1254
2021;LECCE;0;1;1;0;0;1278;0;0;0;1;3;1284
2021;BARLETTA TRANI;0;0;0;0;0;1443;0;0;0;1;8;1452
2021;POTENZA;0;2;0;0;0;1971;0;0;0;47;1;2021
2021;MATERA;0;2;0;0;0;924;0;0;0;0;0;926
2021;COSENZA;0;2;0;0;0;2025;0;0;0;8;6;2041
2021;CATANZARO;0;1;0;0;0;1203;0;0;0;12;1;1217
2021;REGGIO CALABRIA;0;3;2;0;0;2503;0;0;0;6;2;2516
2021;CROTONE;0;0;1;0;0;928;0;0;0;0;0;929
2021;VIBO VALENTIA;0;0;0;0;0;565;0;0;0;1;0;566
2021;TRAPANI;0;0;0;0;0;1281;0;0;0;0;0;1281
2021;PALERMO;1;4;0;0;0;3142;0;0;0;30;4;3181
2021;MESSINA;0;1;1;0;0;1468;0;0;0;1;0;1471
2021;AGRIGENTO;0;4;1;0;1;1235;0;0;0;0;1;1242
2021;CALTANISSETTA;0;1;0;0;0;996;0;0;0;4;1;1002
2021;ENNA;0;0;0;0;0;345;0;0;0;0;0;345
2021;CATANIA;0;4;1;0;0;5002;0;0;0;74;91;5172
2021;RAGUSA;0;2;0;0;0;1512;0;0;0;1;0;1515
2021;SIRACUSA;0;0;0;0;1;953;0;0;0;0;0;954
2021;SASSARI;0;2;0;0;0;1662;0;0;0;4;1;1669
2021;NUORO;0;0;0;0;0;517;0;0;0;0;0;517
2021;CAGLIARI;0;0;0;0;0;1593;0;0;0;16;1;1610
2021;ORISTANO;0;0;0;0;0;467;0;0;0;0;0;467
2021;NON DEFINITO;0;2;0;0;0;90;0;0;0;0;41;133
2021;SUD SARDEGNA;0;1;0;0;0;891;0;0;0;1;0;893