Anno;Provincia;AL;BE;BG;BM;EL;GA;IB;IG;ME;ND;Totale
2015;TORINO;0;8339;1818;2966;120;126503;3;0;0;3;139752
2015;VERCELLI;1;851;117;82;4;13067;0;0;0;2;14124
2015;NOVARA;0;1347;310;469;9;23080;0;0;0;0;25215
2015;CUNEO;1;1687;377;230;22;51373;0;0;0;2;53692
2015;ASTI;0;834;156;182;14;19308;0;0;0;0;20494
2015;ALESSANDRIA;0;1647;404;488;5;31138;1;0;0;1;33684
2015;BIELLA;0;808;156;127;1;12781;0;0;0;1;13874
2015;VERBANO CUSIO OSSOLA;0;1206;203;125;6;10783;0;0;0;0;12323
2015;AOSTA;0;2807;152;206;15;29467;0;0;0;0;32647
2015;VARESE;0;3237;507;715;43;44143;1;1;0;2;48649
2015;COMO;0;2826;275;477;17;33362;2;1;0;2;36962
2015;SONDRIO;0;1513;73;62;4;13640;0;0;0;1;15293
2015;MILANO;0;10023;2736;4429;167;129974;7;5;0;8;147349
2015;BERGAMO;1;2251;797;2360;49;72724;4;3;0;3;78192
2015;BRESCIA;0;3186;1280;3366;58;88261;1;0;0;3;96155
2015;PAVIA;0;1818;401;759;10;33495;0;0;0;1;36484
2015;CREMONA;1;765;233;583;9;19851;1;0;0;0;21443
2015;MANTOVA;0;1001;247;808;11;30302;1;0;0;1;32371
2015;LECCO;0;1409;166;253;16;20177;3;0;0;0;22024
2015;LODI;0;478;136;354;12;10576;2;0;0;0;11558
2015;MONZA BRIANZA;0;2280;558;1016;33;42140;3;3;0;3;46036
2015;BOLZANO;0;2378;292;851;81;43435;0;0;0;2;47039
2015;TRENTO;0;2109;580;1276;93;54450;14;1;0;1;58524
2015;VERONA;0;1759;570;2094;31;56489;2;0;0;1;60946
2015;VICENZA;1;1767;394;1016;41;57233;4;0;0;1;60457
2015;BELLUNO;0;774;99;77;3;14977;0;0;0;0;15930
2015;TREVISO;0;1468;427;792;10;60903;0;0;0;1;63601
2015;VENEZIA;0;1459;473;772;15;38607;0;0;0;2;41328
2015;PADOVA;0;1597;657;1546;19;58106;0;0;0;4;61929
2015;ROVIGO;0;549;176;1063;16;16385;0;0;0;1;18190
2015;UDINE;0;1793;170;140;6;34344;0;0;0;0;36453
2015;GORIZIA;0;730;27;13;3;5750;0;0;0;0;6523
2015;TRIESTE;0;1930;119;22;4;7436;0;0;0;0;9511
2015;PORDENONE;0;705;118;127;6;19540;0;0;0;0;20496
2015;IMPERIA;1;1769;200;17;2;12180;0;0;0;1;14170
2015;SAVONA;0;1741;220;149;3;18465;0;0;0;1;20579
2015;GENOVA;0;5710;938;420;51;30415;0;0;0;1;37535
2015;LA SPEZIA;0;925;175;181;13;10001;0;0;0;0;11295
2015;PIACENZA;0;813;256;578;10;23512;1;0;0;1;25171
2015;PARMA;0;1095;299;1465;17;29558;0;0;0;1;32435
2015;REGGIO EMILIA;0;1624;699;2313;740;42418;0;0;0;0;47794
2015;MODENA;0;2127;650;1985;43;50444;0;1;0;0;55250
2015;BOLOGNA;0;3309;1296;4062;112;53566;10;0;0;1;62356
2015;FERRARA;0;914;342;1230;14;21640;0;0;0;0;24140
2015;RAVENNA;0;1256;467;1865;12;27653;0;1;0;1;31255
2015;FORLI'-CESENA;0;1129;348;1343;20;29748;0;0;0;0;32588
2015;RIMINI;0;1058;299;965;9;19810;1;0;0;0;22142
2015;MASSA CARRARA;1;852;237;186;1;10604;0;0;0;0;11881
2015;LUCCA;0;1911;513;547;36;23531;0;0;0;2;26540
2015;PISTOIA;0;1322;278;395;10;17471;0;0;0;1;19477
2015;FIRENZE;4;4510;1354;2979;259;73041;1;2;0;1;82151
2015;LIVORNO;0;1646;292;275;13;16951;0;0;0;0;19177
2015;PISA;0;1555;387;683;46;25240;0;0;0;1;27912
2015;AREZZO;0;1010;226;874;11;22136;3;0;0;0;24260
2015;SIENA;0;1224;381;439;15;19729;1;0;0;0;21789
2015;GROSSETO;0;932;293;219;31;18068;0;0;0;0;19543
2015;PRATO;0;1256;276;463;10;15986;0;0;0;1;17992
2015;PERUGIA;0;2111;412;1443;9;43511;2;0;0;2;47490
2015;TERNI;0;852;177;446;3;13561;0;0;0;1;15040
2015;PESARO E URBINO;0;1030;224;1152;10;25292;0;0;0;0;27708
2015;ANCONA;0;1120;217;1705;8;27230;1;0;0;0;30281
2015;MACERATA;0;991;166;1831;23;25753;0;1;0;0;28765
2015;ASCOLI PICENO;0;506;125;499;11;13593;0;0;0;0;14734
2015;FERMO;0;486;87;903;12;12629;0;0;0;0;14117
2015;VITERBO;0;853;205;170;3;22075;0;0;0;0;23306
2015;RIETI;0;587;143;129;4;11338;0;0;0;0;12201
2015;ROMA;0;23707;2399;4936;320;191364;5;1;0;47;222779
2015;LATINA;0;1810;308;715;8;38820;1;0;0;3;41665
2015;FROSINONE;0;1466;229;381;11;31521;0;0;0;6;33614
2015;L'AQUILA;0;1023;175;230;4;22400;0;0;0;2;23834
2015;TERAMO;0;705;174;488;11;22377;0;0;0;0;23755
2015;PESCARA;0;857;221;394;8;19683;0;0;0;0;21163
2015;CHIETI;0;1054;305;440;8;30766;0;0;0;1;32574
2015;CAMPOBASSO;0;619;113;379;2;19073;0;0;0;0;20186
2015;ISERNIA;0;317;58;64;0;9066;0;0;0;1;9506
2015;CASERTA;0;2257;288;362;14;40527;0;0;0;2;43450
2015;BENEVENTO;0;895;142;221;2;21540;0;0;0;2;22802
2015;NAPOLI;1;12823;1601;1806;118;119740;1;0;0;8;136098
2015;AVELLINO;0;1250;207;396;7;30578;0;0;0;1;32439
2015;SALERNO;0;3165;492;902;42;64098;0;0;0;3;68702
2015;FOGGIA;0;1454;222;547;10;36387;0;0;0;2;38622
2015;BARI;0;2084;338;1663;38;55710;3;0;0;1;59837
2015;TARANTO;0;858;134;295;14;23210;0;0;0;2;24513
2015;BRINDISI;0;924;89;347;9;22780;2;0;0;1;24152
2015;LECCE;0;2092;267;981;15;48452;2;0;0;2;51811
2015;BARLETTA TRANI;0;803;112;207;7;18931;0;0;0;0;20060
2015;POTENZA;0;1048;120;317;5;28172;1;1;0;2;29666
2015;MATERA;0;435;36;139;3;14800;0;0;0;1;15414
2015;COSENZA;0;2023;187;322;24;48515;0;1;0;1;51073
2015;CATANZARO;0;1266;149;96;3;24623;0;0;0;0;26137
2015;REGGIO CALABRIA;0;2027;191;107;25;37228;0;0;0;2;39580
2015;CROTONE;0;566;38;30;2;13781;0;0;0;0;14417
2015;VIBO VALENTIA;0;645;44;18;3;12434;0;0;0;0;13144
2015;TRAPANI;0;1712;133;32;3;33950;0;1;0;0;35831
2015;PALERMO;13;5963;515;261;29;55674;0;0;0;3;62458
2015;MESSINA;1;3120;288;168;14;37511;0;1;0;1;41104
2015;AGRIGENTO;1;1510;147;44;2;31864;0;0;0;1;33569
2015;CALTANISSETTA;0;858;87;57;4;14664;0;0;0;2;15672
2015;ENNA;0;757;97;22;13;10510;0;0;0;1;11400
2015;CATANIA;0;4079;430;561;142;74653;0;1;0;4;79870
2015;RAGUSA;0;974;185;213;6;26178;1;0;0;3;27560
2015;SIRACUSA;0;1182;169;117;15;24772;0;0;0;1;26256
2015;SASSARI;0;992;135;9;6;19818;2;0;0;0;20962
2015;NUORO;0;618;56;3;3;14203;0;0;0;0;14883
2015;CAGLIARI;0;2172;309;16;36;37333;0;1;0;4;39871
2015;ORISTANO;0;713;68;4;3;12595;0;0;0;0;13383
2015;OLBIA TEMPIO;0;811;107;10;4;15271;0;0;0;1;16204
2015;OGLIASTRA;0;381;19;0;2;5763;0;0;0;0;6165
2015;MEDIO CAMPIDANO;1;364;46;2;0;7144;0;0;0;0;7557
2015;CARBONIA IGLESIAS;1;521;74;6;4;6946;0;0;0;0;7552
2015;NON DEFINITO;0;312;10;9;0;1505;0;0;0;516;2352
;Totale;29;212767;38900;80074;3513;3607879;87;26;0;689;3943964
2017;TORINO;0;7701;2567;3366;185;128801;16;2;0;3;142641
2017;VERCELLI;1;820;136;108;6;13324;0;0;0;2;14397
2017;NOVARA;0;1315;312;432;7;23738;1;0;0;0;25805
2017;CUNEO;1;1617;404;263;17;52608;2;0;0;2;54914
2017;ASTI;0;787;187;184;15;19811;1;0;0;0;20985
2017;ALESSANDRIA;0;1589;414;459;24;32187;4;0;0;1;34678
2017;BIELLA;0;854;162;143;2;12851;20;0;0;1;14033
2017;VERBANO CUSIO OSSOLA;0;1207;208;127;5;11055;1;0;0;0;12603
2017;AOSTA;0;2717;196;212;19;43782;0;0;0;0;46926
2017;VARESE;0;3126;577;679;42;45270;11;2;0;1;49708
2017;COMO;0;2816;295;484;34;33866;19;2;0;1;37517
2017;SONDRIO;0;1551;83;67;9;13805;2;0;0;1;15518
2017;MILANO;0;9464;3097;4389;217;133878;82;12;0;8;151147
2017;BERGAMO;1;2200;870;2459;65;75296;20;7;0;3;80921
2017;BRESCIA;0;3128;1404;3391;96;91073;17;5;0;3;99117
2017;PAVIA;0;1678;433;742;7;34030;7;2;0;1;36900
2017;CREMONA;0;716;271;630;11;20453;3;0;0;0;22084
2017;MANTOVA;0;962;290;929;10;30963;2;2;0;1;33159
2017;LECCO;0;1405;201;248;22;20665;7;3;0;0;22551
2017;LODI;1;450;140;349;20;10814;4;0;0;0;11778
2017;MONZA BRIANZA;0;2231;641;995;19;43084;14;5;0;3;46992
2017;BOLZANO;0;2392;291;1008;193;56521;4;1;0;1;60411
2017;TRENTO;0;2330;741;1869;226;71428;37;2;0;1;76634
2017;VERONA;0;1704;591;2191;32;58523;8;1;0;1;63051
2017;VICENZA;1;1858;430;1153;49;59284;7;0;0;1;62783
2017;BELLUNO;0;758;105;100;5;15371;1;0;0;0;16340
2017;TREVISO;0;1467;469;877;9;63135;6;0;0;1;65964
2017;VENEZIA;0;1424;500;835;27;39592;6;0;0;2;42386
2017;PADOVA;0;1566;687;1696;24;59775;1;0;0;3;63752
2017;ROVIGO;0;538;196;1260;5;16712;4;0;0;1;18716
2017;UDINE;0;1680;201;183;8;35458;10;0;0;0;37540
2017;GORIZIA;0;685;35;18;3;5888;0;0;0;0;6629
2017;TRIESTE;0;1832;110;26;4;7670;1;0;0;0;9643
2017;PORDENONE;0;663;132;153;7;20447;3;0;0;0;21405
2017;IMPERIA;1;1728;222;21;1;12444;0;0;0;0;14417
2017;SAVONA;0;1740;226;151;4;18664;0;0;0;1;20786
2017;GENOVA;0;5570;959;385;51;31062;4;1;0;1;38033
2017;LA SPEZIA;0;910;199;276;12;10170;1;0;0;0;11568
2017;PIACENZA;0;768;279;643;12;24150;10;0;0;1;25863
2017;PARMA;0;1049;383;1569;19;30181;4;0;0;1;33206
2017;REGGIO EMILIA;0;1478;622;1972;644;41712;6;0;0;0;46434
2017;MODENA;0;1969;715;2074;56;51617;9;0;0;0;56440
2017;BOLOGNA;0;2905;1427;4165;78;54684;39;2;0;1;63301
2017;FERRARA;0;848;340;1319;14;21963;1;1;0;0;24486
2017;RAVENNA;0;1155;491;1958;12;28770;7;3;0;1;32397
2017;FORLI'-CESENA;0;1055;383;1386;25;30239;5;1;0;0;33094
2017;RIMINI;0;1007;326;1026;11;20213;6;1;0;0;22590
2017;MASSA CARRARA;1;804;237;206;1;10691;1;0;0;0;11941
2017;LUCCA;0;1823;571;570;32;23593;1;0;0;1;26591
2017;PISTOIA;0;1267;310;421;16;17843;0;0;0;1;19858
2017;FIRENZE;4;3938;1880;4168;365;88135;13;5;0;1;98509
2017;LIVORNO;0;1567;295;286;17;17042;1;0;0;0;19208
2017;PISA;0;1489;409;706;22;25734;1;0;0;1;28362
2017;AREZZO;0;945;274;888;15;22369;6;0;0;0;24497
2017;SIENA;0;1232;391;445;16;20003;1;0;0;0;22088
2017;GROSSETO;0;930;304;227;27;18270;1;0;0;0;19759
2017;PRATO;0;1135;273;443;13;16528;1;1;0;1;18395
2017;PERUGIA;0;2032;455;1660;10;44542;8;1;0;2;48710
2017;TERNI;0;817;194;504;4;13818;0;0;0;1;15338
2017;PESARO E URBINO;0;961;258;1312;7;25330;0;0;0;0;27868
2017;ANCONA;0;1053;243;1947;21;27181;1;0;0;0;30446
2017;MACERATA;0;953;203;2088;24;26375;1;0;0;0;29644
2017;ASCOLI PICENO;0;476;141;588;5;13862;0;0;0;0;15072
2017;FERMO;0;474;94;1021;13;12693;0;0;0;0;14295
2017;VITERBO;0;844;239;209;5;22432;2;0;0;0;23731
2017;RIETI;0;557;155;139;3;11459;1;0;0;0;12314
2017;ROMA;0;13761;2651;3887;346;180203;30;4;0;45;200927
2017;LATINA;0;1779;371;738;10;39752;2;0;0;3;42655
2017;FROSINONE;0;1463;247;454;14;32384;1;1;0;5;34569
2017;L'AQUILA;0;1025;199;277;8;23179;2;0;0;1;24691
2017;TERAMO;0;709;189;589;7;22840;3;0;0;0;24337
2017;PESCARA;0;835;219;472;8;20160;2;0;0;0;21696
2017;CHIETI;0;1063;308;527;13;31749;2;1;0;1;33664
2017;CAMPOBASSO;0;622;138;466;6;19788;1;0;0;0;21021
2017;ISERNIA;0;356;63;88;0;9625;0;0;0;1;10133
2017;CASERTA;0;2175;350;469;15;41496;1;1;0;2;44509
2017;BENEVENTO;0;877;168;265;2;22364;0;0;0;2;23678
2017;NAPOLI;1;12760;1808;2105;124;122908;9;4;0;8;139727
2017;AVELLINO;0;1246;251;492;6;31710;1;0;0;1;33707
2017;SALERNO;0;3217;586;1134;55;67218;1;0;0;3;72214
2017;FOGGIA;0;1419;237;694;9;38001;1;0;0;2;40363
2017;BARI;0;2015;391;1935;53;58202;10;1;0;0;62607
2017;TARANTO;0;862;144;367;17;24245;0;0;0;3;25638
2017;BRINDISI;0;921;124;441;11;23939;3;0;0;1;25440
2017;LECCE;0;2018;345;1235;16;50785;3;0;0;1;54403
2017;BARLETTA TRANI;0;773;121;241;7;19457;1;0;0;0;20600
2017;POTENZA;0;1063;127;397;12;29515;1;1;0;2;31118
2017;MATERA;0;438;40;182;4;15516;2;0;0;0;16182
2017;COSENZA;0;2032;192;424;29;50578;1;1;0;0;53257
2017;CATANZARO;0;1236;146;111;7;25260;0;0;0;0;26760
2017;REGGIO CALABRIA;0;1993;224;131;25;38549;1;1;0;2;40926
2017;CROTONE;0;556;40;27;2;14242;2;0;0;0;14869
2017;VIBO VALENTIA;0;646;46;22;4;12862;0;0;0;0;13580
2017;TRAPANI;0;1755;141;42;10;35375;1;3;0;0;37327
2017;PALERMO;12;5992;582;353;35;57758;0;0;0;3;64735
2017;MESSINA;1;3144;327;183;9;38733;1;3;0;1;42402
2017;AGRIGENTO;1;1504;151;48;1;33446;2;0;0;1;35154
2017;CALTANISSETTA;0;846;101;52;6;15202;1;0;0;2;16210
2017;ENNA;0;754;103;31;13;10864;0;0;0;1;11766
2017;CATANIA;0;4050;477;671;137;78233;3;1;0;4;83576
2017;RAGUSA;0;925;198;241;12;27100;3;0;0;2;28481
2017;SIRACUSA;0;1202;175;138;14;25701;1;2;0;1;27234
2017;SASSARI;0;1826;251;20;11;36857;4;0;0;1;38970
2017;NUORO;0;959;75;3;5;20860;0;0;0;0;21902
2017;CAGLIARI;0;1577;226;9;21;26849;4;1;0;3;28690
2017;ORISTANO;0;709;75;3;3;13145;0;0;0;0;13935
2017;NON DEFINITO;0;315;10;8;0;1563;0;0;0;515;2411
2017;SUD SARDEGNA;2;1475;211;11;6;26709;0;0;0;1;28415
;Totale;28;197603;43702;86781;4072;3749849;552;87;0;674;4083348
2018;TORINO;0;7596;2861;3898;198;127023;38;2;0;3;141619
2018;VERCELLI;1;795;132;102;7;13310;0;0;0;2;14349
2018;NOVARA;0;1288;327;382;9;24071;0;0;0;0;26077
2018;CUNEO;1;1578;429;258;18;53226;2;0;0;2;55514
2018;ASTI;0;789;205;190;20;19900;1;0;0;0;21105
2018;ALESSANDRIA;0;1513;396;451;10;31889;8;0;0;1;34268
2018;BIELLA;0;847;181;138;2;12849;21;0;0;1;14039
2018;VERBANO CUSIO OSSOLA;0;1218;220;128;6;11163;1;0;0;0;12736
2018;AOSTA;0;2838;207;206;19;46580;1;0;0;0;49851
2018;VARESE;0;3116;600;674;42;45197;22;4;0;1;49656
2018;COMO;0;2853;308;493;41;33959;23;2;0;1;37680
2018;SONDRIO;0;1581;91;73;8;13877;3;0;0;1;15634
2018;MILANO;0;9274;3220;4363;263;133358;116;13;0;8;150615
2018;BERGAMO;1;2194;948;2474;70;76024;38;6;0;3;81758
2018;BRESCIA;0;3121;1550;3362;137;91766;35;5;0;3;99979
2018;PAVIA;0;1648;465;750;6;34033;8;2;0;1;36913
2018;CREMONA;0;693;298;610;18;20646;9;0;0;0;22274
2018;MANTOVA;0;933;318;983;12;31195;6;2;0;1;33450
2018;LECCO;0;1413;212;223;28;20422;11;3;0;0;22312
2018;LODI;0;452;147;352;20;10965;3;0;0;0;11939
2018;MONZA BRIANZA;0;2230;684;994;26;43555;24;3;0;3;47519
2018;BOLZANO;0;2168;288;931;175;56280;4;2;0;1;59849
2018;TRENTO;0;2391;776;2032;389;83643;76;1;0;1;89309
2018;VERONA;0;1714;638;2263;38;59495;11;2;0;1;64162
2018;VICENZA;0;1770;459;1218;56;59994;14;1;0;1;63513
2018;BELLUNO;0;757;110;108;8;15376;2;0;0;0;16361
2018;TREVISO;0;1475;487;930;11;64210;13;0;0;1;67127
2018;VENEZIA;0;1414;511;877;31;39961;8;0;0;2;42804
2018;PADOVA;0;1543;727;1820;26;60204;8;0;0;3;64331
2018;ROVIGO;0;513;200;1299;8;16841;6;0;0;1;18868
2018;UDINE;0;1658;200;208;11;36057;11;0;0;0;38145
2018;GORIZIA;0;664;37;19;3;6019;0;0;0;0;6742
2018;TRIESTE;0;1804;125;31;4;7806;12;0;0;0;9782
2018;PORDENONE;0;652;139;159;6;20744;2;0;0;0;21702
2018;IMPERIA;1;1721;229;24;1;12565;0;0;0;0;14541
2018;SAVONA;0;1746;244;157;3;18798;0;1;0;0;20949
2018;GENOVA;0;5460;930;402;98;31561;9;1;0;1;38462
2018;LA SPEZIA;0;896;206;236;8;10093;2;0;0;0;11441
2018;PIACENZA;0;765;311;618;12;24293;15;0;0;1;26015
2018;PARMA;0;1001;415;1678;19;30421;9;0;0;1;33544
2018;REGGIO EMILIA;0;1438;638;1955;626;41562;12;0;0;0;46231
2018;MODENA;0;1923;740;2102;59;51952;20;0;0;0;56796
2018;BOLOGNA;0;2789;1540;4218;81;55103;47;3;0;1;63782
2018;FERRARA;0;822;351;1372;14;22105;3;1;0;0;24668
2018;RAVENNA;0;1103;512;1932;15;28998;15;3;0;1;32579
2018;FORLI'-CESENA;0;1053;382;1414;26;30394;4;1;0;0;33274
2018;RIMINI;0;979;338;1042;13;20183;17;1;0;0;22573
2018;MASSA CARRARA;1;776;246;207;0;10687;1;0;0;0;11918
2018;LUCCA;0;1812;591;551;32;23630;3;0;0;1;26620
2018;PISTOIA;0;1217;322;389;15;17922;2;0;0;1;19868
2018;FIRENZE;3;4652;1955;4206;393;92007;26;5;0;1;103248
2018;LIVORNO;0;1535;302;290;28;16943;1;0;0;0;19099
2018;PISA;0;1450;454;709;28;25837;4;0;0;1;28483
2018;AREZZO;0;920;310;905;16;22429;6;0;0;0;24586
2018;SIENA;0;1232;392;454;21;20052;3;0;0;0;22154
2018;GROSSETO;0;937;303;233;24;18350;3;0;0;0;19850
2018;PRATO;0;1075;275;416;17;16731;7;1;0;1;18523
2018;PERUGIA;0;1981;480;1753;13;44984;11;1;0;2;49225
2018;TERNI;0;775;217;520;4;14013;0;0;0;1;15530
2018;PESARO E URBINO;0;916;290;1353;7;25279;1;0;0;0;27846
2018;ANCONA;0;1007;252;2055;24;27119;4;0;0;0;30461
2018;MACERATA;0;927;220;2148;21;26568;1;0;0;0;29885
2018;ASCOLI PICENO;0;457;146;620;5;13986;2;0;0;0;15216
2018;FERMO;0;457;98;1081;14;12634;1;0;0;0;14285
2018;VITERBO;0;836;253;207;7;22303;4;0;0;0;23610
2018;RIETI;0;546;148;138;3;11454;0;0;0;0;12289
2018;ROMA;0;11894;2921;3813;406;177690;46;4;0;43;196817
2018;LATINA;0;1729;403;667;15;39593;5;0;0;3;42415
2018;FROSINONE;0;1390;278;449;20;32394;2;1;0;5;34539
2018;L'AQUILA;0;1005;215;283;6;23440;4;0;0;1;24954
2018;TERAMO;0;694;188;621;7;23185;2;0;0;0;24697
2018;PESCARA;0;801;216;490;8;20248;6;0;0;0;21769
2018;CHIETI;0;1044;318;546;15;32140;4;1;0;1;34069
2018;CAMPOBASSO;0;635;136;476;9;20075;1;0;0;0;21332
2018;ISERNIA;0;372;65;100;0;9834;0;0;0;1;10372
2018;CASERTA;0;2103;368;493;16;42087;2;0;0;1;45070
2018;BENEVENTO;0;853;190;292;2;22643;0;0;0;2;23982
2018;NAPOLI;1;12524;1896;2067;119;124398;15;5;0;8;141033
2018;AVELLINO;0;1227;276;525;6;31976;1;0;0;1;34012
2018;SALERNO;0;3147;637;1222;54;68398;2;0;0;3;73463
2018;FOGGIA;0;1433;244;744;9;38606;3;0;0;2;41041
2018;BARI;0;1958;398;1984;57;59208;16;1;0;0;63622
2018;TARANTO;0;836;134;405;12;24858;1;0;0;3;26249
2018;BRINDISI;0;911;130;470;11;24420;4;0;0;1;25947
2018;LECCE;0;1927;381;1294;19;51794;5;0;0;1;55421
2018;BARLETTA TRANI;0;743;116;271;8;19721;3;0;0;0;20862
2018;POTENZA;0;1046;141;411;13;30064;2;1;0;2;31680
2018;MATERA;0;430;42;188;7;15846;2;0;0;0;16515
2018;COSENZA;0;1977;184;453;30;51414;2;1;0;0;54061
2018;CATANZARO;0;1211;141;120;5;25668;1;0;0;0;27146
2018;REGGIO CALABRIA;0;1949;228;142;15;39017;1;1;0;2;41355
2018;CROTONE;0;555;45;32;2;14495;3;0;0;0;15132
2018;VIBO VALENTIA;0;648;53;29;4;13037;0;0;0;0;13771
2018;TRAPANI;0;1715;144;46;11;35911;8;3;0;0;37838
2018;PALERMO;12;5951;597;373;38;58528;0;0;0;3;65502
2018;MESSINA;1;3089;340;201;10;39222;1;2;0;1;42867
2018;AGRIGENTO;1;1473;168;52;4;34171;2;0;0;1;35872
2018;CALTANISSETTA;0;845;97;58;9;15519;1;0;0;2;16531
2018;ENNA;0;758;102;29;13;11034;0;0;0;1;11937
2018;CATANIA;0;4046;502;678;137;79745;6;1;0;4;85119
2018;RAGUSA;0;921;214;240;14;27425;3;0;0;2;28819
2018;SIRACUSA;0;1197;182;152;15;26290;2;2;0;1;27841
2018;SASSARI;0;1799;255;26;13;37919;5;0;0;1;40018
2018;NUORO;0;973;81;2;5;21464;0;0;0;0;22525
2018;CAGLIARI;0;1522;223;12;24;27163;9;1;0;3;28957
2018;ORISTANO;0;697;76;3;5;13441;0;0;0;0;14222
2018;NON DEFINITO;0;309;10;8;0;1550;0;0;0;515;2392
2018;SUD SARDEGNA;2;1469;215;12;17;27275;1;0;0;1;28992
;Totale;25;193503;46136;88863;4563;3795500;941;90;0;670;4130291
2019;TORINO;0;7615;3186;3795;190;125259;45;31;0;3;140124
2019;VERCELLI;1;770;138;120;12;13326;1;4;0;2;14374
2019;NOVARA;0;1267;336;340;12;23858;3;5;0;0;25821
2019;CUNEO;1;1586;469;247;18;53605;5;11;0;2;55944
2019;ASTI;0;777;221;200;22;19796;1;2;0;0;21019
2019;ALESSANDRIA;0;1474;407;457;21;31965;9;6;0;1;34340
2019;BIELLA;0;846;177;141;2;12671;22;3;0;0;13862
2019;VERBANO CUSIO OSSOLA;0;1221;224;134;5;11226;1;0;0;0;12811
2019;AOSTA;0;4534;210;200;19;49135;1;1;0;0;54100
2019;VARESE;0;3160;682;679;45;44558;29;18;0;1;49172
2019;COMO;0;2932;358;501;59;33699;26;13;0;1;37589
2019;SONDRIO;0;1617;98;71;10;13941;4;3;0;1;15745
2019;MILANO;0;9514;3409;4511;277;131563;125;102;0;8;149509
2019;BERGAMO;1;2269;1017;2538;93;76300;43;35;0;2;82298
2019;BRESCIA;0;3133;1659;3386;161;92059;35;36;0;3;100472
2019;PAVIA;0;1665;496;780;9;33715;9;10;0;1;36685
2019;CREMONA;0;688;320;618;22;20980;11;9;0;0;22648
2019;MANTOVA;0;909;360;1031;16;31465;5;7;0;1;33794
2019;LECCO;0;1474;231;246;44;20294;10;8;0;0;22307
2019;LODI;0;457;158;347;44;10947;3;5;0;0;11961
2019;MONZA BRIANZA;0;2311;736;1079;35;43341;28;36;0;3;47569
2019;BOLZANO;0;2126;266;1062;166;57210;5;5;0;1;60841
2019;TRENTO;0;2775;946;2068;504;90551;79;13;0;1;96937
2019;VERONA;0;1727;712;2410;46;59925;13;29;0;0;64862
2019;VICENZA;0;1704;516;1249;61;60130;17;25;0;1;63703
2019;BELLUNO;0;772;119;107;11;15474;2;3;0;0;16488
2019;TREVISO;0;1448;520;1006;16;64941;14;12;0;1;67958
2019;VENEZIA;0;1429;529;936;42;40005;8;4;0;2;42955
2019;PADOVA;0;1497;800;1979;35;60580;9;19;0;3;64922
2019;ROVIGO;0;510;208;1348;10;16939;6;4;0;1;19026
2019;UDINE;0;1622;211;194;12;36724;11;6;0;0;38780
2019;GORIZIA;0;667;38;20;2;6127;0;0;0;0;6854
2019;TRIESTE;0;1783;122;32;5;7970;12;0;0;0;9924
2019;PORDENONE;0;636;153;169;7;20908;2;7;0;0;21882
2019;IMPERIA;1;1752;221;23;1;12739;1;0;0;0;14738
2019;SAVONA;0;1778;251;156;1;18969;1;4;0;0;21160
2019;GENOVA;0;5490;908;414;154;31811;9;6;0;1;38793
2019;LA SPEZIA;0;893;213;225;9;10221;2;1;0;0;11564
2019;PIACENZA;0;756;342;625;12;24495;16;5;0;1;26252
2019;PARMA;0;974;471;1802;24;30655;9;10;0;1;33946
2019;REGGIO EMILIA;0;1382;633;1906;520;40996;14;24;0;0;45475
2019;MODENA;0;1869;799;2145;69;51849;22;12;0;0;56765
2019;BOLOGNA;0;2704;1609;4266;80;54741;47;18;0;1;63466
2019;FERRARA;0;795;372;1421;15;22170;3;6;0;0;24782
2019;RAVENNA;0;1050;560;1960;19;29134;20;6;0;1;32750
2019;FORLI'-CESENA;0;1062;433;1451;30;30351;5;6;0;0;33338
2019;RIMINI;0;954;394;1106;16;20233;19;7;0;0;22729
2019;MASSA CARRARA;1;760;245;204;0;10732;0;0;0;0;11942
2019;LUCCA;0;1822;617;551;35;23795;5;4;0;1;26830
2019;PISTOIA;0;1183;358;367;15;18197;3;2;0;1;20126
2019;FIRENZE;3;5847;2052;4935;716;95445;28;10;0;1;109037
2019;LIVORNO;0;1520;303;292;25;17054;2;2;0;0;19198
2019;PISA;0;1409;469;685;29;26037;4;2;0;1;28636
2019;AREZZO;0;879;320;894;19;22473;6;4;0;0;24595
2019;SIENA;0;1247;414;450;24;20201;3;4;0;0;22343
2019;GROSSETO;0;926;305;228;24;18448;3;3;0;0;19937
2019;PRATO;0;1058;281;402;14;16861;8;4;0;1;18629
2019;PERUGIA;0;1920;498;1804;15;45477;9;4;0;2;49729
2019;TERNI;0;742;223;553;5;14078;0;0;0;1;15602
2019;PESARO E URBINO;0;890;304;1400;6;25265;1;10;0;0;27876
2019;ANCONA;0;966;275;2139;25;26860;4;9;0;0;30278
2019;MACERATA;0;889;245;2262;22;26752;0;3;0;0;30173
2019;ASCOLI PICENO;0;434;145;644;4;14079;2;3;0;0;15311
2019;FERMO;0;439;102;1159;16;12689;1;3;0;0;14409
2019;VITERBO;0;812;279;197;7;22374;5;3;0;0;23677
2019;RIETI;0;538;162;145;4;11485;1;3;0;0;12338
2019;ROMA;0;11429;3316;3965;450;179565;60;78;0;42;198905
2019;LATINA;0;1701;431;628;19;40281;5;5;0;2;43072
2019;FROSINONE;0;1365;310;503;19;32624;2;3;0;5;34831
2019;L'AQUILA;0;982;223;304;7;23667;4;3;0;1;25191
2019;TERAMO;0;669;191;640;8;23409;3;3;0;0;24923
2019;PESCARA;0;773;228;516;9;20449;7;6;0;0;21988
2019;CHIETI;0;1029;318;600;16;32512;4;3;0;1;34483
2019;CAMPOBASSO;0;614;148;490;8;20340;1;1;0;0;21602
2019;ISERNIA;0;360;69;97;0;9983;0;0;0;1;10510
2019;CASERTA;0;2041;405;530;15;42971;2;1;0;1;45966
2019;BENEVENTO;0;818;206;299;3;22900;1;1;0;2;24230
2019;NAPOLI;1;12350;2042;2211;120;126294;15;10;0;8;143051
2019;AVELLINO;0;1194;316;569;4;32140;1;2;0;1;34227
2019;SALERNO;0;3120;714;1292;49;69525;2;5;0;3;74710
2019;FOGGIA;0;1416;269;809;9;39075;2;2;0;2;41584
2019;BARI;0;1913;413;2075;53;60298;17;10;0;0;64779
2019;TARANTO;0;815;137;415;14;25651;2;1;0;3;27038
2019;BRINDISI;0;879;140;484;12;24815;4;5;0;1;26340
2019;LECCE;0;1857;414;1361;21;52555;6;3;0;1;56218
2019;BARLETTA TRANI;0;721;120;283;7;19778;3;0;0;0;20912
2019;POTENZA;0;1028;152;459;15;30581;2;4;0;2;32243
2019;MATERA;0;425;54;198;10;15993;2;1;0;0;16683
2019;COSENZA;0;1942;206;486;30;52268;2;2;0;0;54936
2019;CATANZARO;0;1193;145;116;6;26001;1;2;0;0;27464
2019;REGGIO CALABRIA;0;1902;226;153;18;39664;1;2;0;2;41968
2019;CROTONE;0;559;45;34;2;14760;3;0;0;0;15403
2019;VIBO VALENTIA;0;638;58;32;4;13202;0;0;0;0;13934
2019;TRAPANI;0;1685;156;53;11;36282;8;8;0;0;38203
2019;PALERMO;12;5859;625;391;43;59049;0;6;0;3;65988
2019;MESSINA;0;3064;355;207;12;39626;2;4;0;1;43271
2019;AGRIGENTO;1;1432;179;61;3;34622;2;1;0;1;36302
2019;CALTANISSETTA;0;833;98;57;8;15712;1;1;0;2;16712
2019;ENNA;0;759;106;26;15;11144;0;0;0;1;12051
2019;CATANIA;0;4041;534;706;139;81579;7;4;0;4;87014
2019;RAGUSA;0;893;240;239;15;27764;3;1;0;2;29157
2019;SIRACUSA;0;1206;193;159;14;26786;3;2;0;1;28364
2019;SASSARI;0;1788;265;25;12;38963;6;1;0;1;41061
2019;NUORO;0;974;81;3;7;22149;1;1;0;0;23216
2019;CAGLIARI;0;1517;242;13;26;27605;9;5;0;3;29420
2019;ORISTANO;0;694;74;3;5;13760;0;0;0;0;14536
2019;NON DEFINITO;0;309;10;8;0;1538;0;0;0;512;2377
2019;SUD SARDEGNA;2;1475;217;12;17;27779;1;0;0;0;29503
;Totale;24;194917;49506;92324;5243;3833512;1042;837;0;661;4178066
2020;TORINO;2;7422;3343;3649;215;124478;73;151;608;3;139944
2020;VERCELLI;1;749;144;98;13;13268;4;15;14;2;14308
2020;NOVARA;0;1284;356;276;21;23737;7;25;59;0;25765
2020;CUNEO;1;1553;476;186;27;53764;24;45;51;2;56129
2020;ASTI;0;786;232;157;21;19846;2;16;42;0;21102
2020;ALESSANDRIA;1;1457;416;384;25;32062;12;32;71;1;34461
2020;BIELLA;0;814;176;121;1;12606;23;10;15;0;13766
2020;VERBANO CUSIO OSSOLA;1;1238;220;124;3;11324;2;6;5;0;12923
2020;AOSTA;0;5172;214;239;29;51761;12;11;74;0;57512
2020;VARESE;0;3128;727;577;56;44435;51;98;108;1;49181
2020;COMO;0;3003;371;447;73;33626;34;60;53;1;37668
2020;SONDRIO;4;1646;104;63;11;14052;7;7;10;1;15905
2020;MILANO;1;9568;3523;3585;292;131269;200;405;1023;8;149874
2020;BERGAMO;4;2287;1104;1904;107;76709;52;144;640;2;82953
2020;BRESCIA;7;3125;1741;2497;166;92330;67;153;905;2;100993
2020;PAVIA;0;1620;543;663;9;33563;15;43;126;1;36583
2020;CREMONA;0;698;346;471;26;21046;17;35;155;0;22794
2020;MANTOVA;1;920;389;735;17;31600;9;26;320;1;34018
2020;LECCO;2;1471;249;208;34;20176;28;29;58;0;22255
2020;LODI;1;446;179;300;46;10956;6;20;63;0;12017
2020;MONZA BRIANZA;1;2322;789;870;49;43316;43;116;254;3;47763
2020;BOLZANO;1;2143;255;398;193;56287;8;12;741;1;60039
2020;TRENTO;0;3189;936;1668;726;95975;89;126;428;1;103138
2020;VERONA;0;1711;774;1804;55;60135;18;76;677;0;65250
2020;VICENZA;1;1672;546;985;63;60227;40;81;351;1;63967
2020;BELLUNO;1;792;122;80;9;15640;3;13;29;0;16689
2020;TREVISO;0;1439;548;750;24;65565;17;47;283;1;68674
2020;VENEZIA;1;1421;562;756;42;40226;13;35;238;2;43296
2020;PADOVA;1;1506;852;1454;43;60936;16;86;592;3;65489
2020;ROVIGO;0;490;228;1059;10;16995;5;14;356;1;19158
2020;UDINE;0;1653;224;156;14;37166;12;29;47;0;39301
2020;GORIZIA;0;585;43;18;2;6236;1;0;4;0;6889
2020;TRIESTE;0;1772;125;33;7;8135;19;1;3;0;10095
2020;PORDENONE;0;634;154;116;8;20978;4;24;71;0;21989
2020;IMPERIA;1;1743;217;21;2;12934;1;4;3;0;14926
2020;SAVONA;0;1777;251;116;3;18841;5;12;21;0;21026
2020;GENOVA;0;5490;919;366;135;32115;39;26;76;1;39167
2020;LA SPEZIA;0;921;214;193;11;10287;7;5;16;0;11654
2020;PIACENZA;1;749;350;494;13;24423;21;28;149;1;26229
2020;PARMA;0;976;510;1421;29;30965;16;60;411;1;34389
2020;REGGIO EMILIA;0;1311;644;1555;485;40292;21;81;294;0;44683
2020;MODENA;0;1815;832;1753;77;51801;28;106;438;0;56850
2020;BOLOGNA;0;2608;1642;3549;94;54470;61;67;734;1;63226
2020;FERRARA;0;770;393;1113;27;22320;4;25;320;0;24972
2020;RAVENNA;0;989;565;1543;28;29149;22;41;411;1;32749
2020;FORLI'-CESENA;0;1088;455;1097;33;30481;7;29;365;0;33555
2020;RIMINI;0;953;415;879;15;20201;21;30;258;0;22772
2020;MASSA CARRARA;1;760;254;177;1;10806;3;8;21;0;12031
2020;LUCCA;0;1848;650;491;36;23723;4;20;59;1;26832
2020;PISTOIA;0;1125;393;302;19;18266;5;11;65;1;20187
2020;FIRENZE;3;6234;1977;4251;771;96911;71;71;588;1;110878
2020;LIVORNO;0;1518;308;252;26;17200;5;9;42;0;19360
2020;PISA;0;1411;482;596;25;26164;7;15;72;1;28773
2020;AREZZO;0;858;339;727;19;22616;9;17;141;0;24726
2020;SIENA;0;1279;424;403;31;20444;4;11;51;0;22647
2020;GROSSETO;0;907;310;206;23;18557;4;19;28;0;20054
2020;PRATO;0;1033;281;309;12;16852;8;25;81;1;18602
2020;PERUGIA;0;1868;500;1544;22;45982;11;33;320;2;50282
2020;TERNI;0;726;232;484;5;14214;9;15;102;1;15788
2020;PESARO E URBINO;0;874;322;1147;5;25144;3;31;276;0;27802
2020;ANCONA;0;930;288;1744;30;26667;6;48;454;0;30167
2020;MACERATA;0;870;243;1801;22;26753;2;36;513;0;30240
2020;ASCOLI PICENO;0;431;147;551;5;14203;5;10;129;0;15481
2020;FERMO;0;433;110;924;16;12648;1;19;249;0;14400
2020;VITERBO;0;806;301;164;13;22583;4;21;28;0;23920
2020;RIETI;0;524;177;137;4;11491;1;11;14;0;12359
2020;ROMA;3;11316;3647;3399;614;181435;203;319;872;41;201849
2020;LATINA;0;1693;448;527;20;40706;10;40;129;2;43575
2020;FROSINONE;0;1345;332;464;30;32979;6;24;72;5;35257
2020;L'AQUILA;0;974;234;271;6;24069;6;27;29;1;25617
2020;TERAMO;0;660;191;546;12;23507;2;6;114;0;25038
2020;PESCARA;0;753;222;417;12;20567;7;23;102;0;22103
2020;CHIETI;0;1007;328;495;12;32884;6;39;131;1;34903
2020;CAMPOBASSO;0;603;147;430;8;20569;0;7;64;0;21828
2020;ISERNIA;0;358;74;92;1;10077;1;3;23;1;10630
2020;CASERTA;0;1993;447;476;16;43759;5;20;69;1;46786
2020;BENEVENTO;0;820;225;292;3;23226;4;11;42;2;24625
2020;NAPOLI;2;12281;2189;2040;121;127481;26;89;224;8;144461
2020;AVELLINO;1;1171;332;546;5;32503;1;16;52;1;34628
2020;SALERNO;0;3116;829;1177;56;70688;6;43;169;3;76087
2020;FOGGIA;0;1402;272;727;8;39575;4;10;137;2;42137
2020;BARI;1;1846;435;1623;56;61018;30;45;501;0;65555
2020;TARANTO;1;808;144;383;14;26311;4;13;68;2;27748
2020;BRINDISI;0;868;143;433;11;25091;3;21;74;1;26645
2020;LECCE;1;1823;433;1228;22;53292;11;45;201;1;57057
2020;BARLETTA TRANI;0;710;120;246;8;19808;4;4;69;0;20969
2020;POTENZA;0;1012;163;400;17;31123;5;10;82;2;32814
2020;MATERA;0;436;57;163;13;16254;4;7;43;1;16978
2020;COSENZA;0;1917;227;402;30;53321;4;20;117;0;56038
2020;CATANZARO;0;1180;155;104;7;26443;3;22;25;0;27939
2020;REGGIO CALABRIA;0;1878;236;153;19;40192;7;15;17;2;42519
2020;CROTONE;0;545;44;32;7;15074;3;2;6;0;15713
2020;VIBO VALENTIA;0;644;66;25;4;13370;0;4;3;0;14116
2020;TRAPANI;1;1683;161;48;13;36753;13;13;11;0;38696
2020;PALERMO;12;5858;666;351;45;59985;3;37;53;3;67013
2020;MESSINA;0;3070;369;186;14;40121;5;19;36;1;43821
2020;AGRIGENTO;1;1398;176;60;3;35007;2;13;4;1;36665
2020;CALTANISSETTA;0;827;95;59;8;16035;2;7;3;2;17038
2020;ENNA;0;740;107;20;14;11309;1;1;3;0;12195
2020;CATANIA;0;3978;569;635;127;82976;20;49;82;4;88440
2020;RAGUSA;0;887;239;217;15;28161;7;14;26;2;29568
2020;SIRACUSA;0;1183;195;152;16;27576;5;10;21;1;29159
2020;SASSARI;0;1757;267;28;25;39869;10;9;1;1;41967
2020;NUORO;0;978;77;4;10;22744;2;3;0;0;23818
2020;CAGLIARI;0;1502;239;9;31;27915;11;16;4;3;29730
2020;ORISTANO;0;685;75;3;8;14099;1;5;0;0;14876
2020;NON DEFINITO;0;313;9;9;0;1548;0;0;0;511;2390
2020;SUD SARDEGNA;2;1475;220;13;15;28378;2;6;1;0;30112
;Totale;63;194834;51760;76026;5950;3867726;1797;4022;18883;657;4221718
2021;TORINO;1;7299;3536;3658;267;123386;195;318;588;3;139251
2021;VERCELLI;1;747;158;97;15;13427;7;38;13;2;14505
2021;NOVARA;0;1296;401;283;21;23639;32;61;75;0;25808
2021;CUNEO;1;1596;542;193;39;54267;75;103;50;2;56868
2021;ASTI;0;796;260;154;23;19893;11;32;47;0;21216
2021;ALESSANDRIA;1;1453;464;378;35;32174;27;66;73;1;34672
2021;BIELLA;0;819;192;118;3;12596;71;28;14;0;13841
2021;VERBANO CUSIO OSSOLA;0;1256;242;131;3;11404;10;19;27;0;13092
2021;AOSTA;0;5384;224;253;556;55647;940;127;76;0;63207
2021;VARESE;0;3154;839;553;94;44287;100;186;98;1;49312
2021;COMO;0;3026;449;455;89;33605;64;125;57;1;37871
2021;SONDRIO;3;1695;135;59;14;14136;24;17;9;1;16093
2021;MILANO;1;9467;3775;3541;345;131388;415;734;1057;8;150731
2021;BERGAMO;2;2353;1233;1890;129;77419;120;306;637;2;84091
2021;BRESCIA;6;3173;1826;2489;185;93149;124;279;918;2;102151
2021;PAVIA;0;1662;609;659;13;33407;29;87;120;1;36587
2021;CREMONA;0;700;375;466;41;21223;34;70;161;0;23070
2021;MANTOVA;1;926;423;758;28;31740;22;59;333;1;34291
2021;LECCO;2;1483;290;210;43;20169;48;55;51;0;22351
2021;LODI;1;448;197;295;73;10972;10;44;61;0;12101
2021;MONZA BRIANZA;1;2314;868;860;45;43471;92;251;260;3;48165
2021;BOLZANO;1;2177;267;326;414;56518;24;50;730;1;60508
2021;TRENTO;0;3851;1047;1762;1895;105405;1127;736;439;1;116263
2021;VERONA;0;1781;845;1833;68;60629;50;162;702;0;66070
2021;VICENZA;1;1627;600;961;82;60590;76;179;368;1;64485
2021;BELLUNO;1;822;134;67;12;15811;24;25;20;0;16916
2021;TREVISO;0;1468;575;781;34;66033;40;100;303;1;69335
2021;VENEZIA;1;1425;584;768;58;40590;41;89;257;2;43815
2021;PADOVA;1;1520;932;1503;59;61348;47;184;643;4;66241
2021;ROVIGO;0;482;262;1070;11;16999;32;33;332;0;19221
2021;UDINE;0;1625;263;164;29;37857;24;50;47;0;40059
2021;GORIZIA;0;557;47;24;3;6385;7;2;4;0;7029
2021;TRIESTE;0;1744;152;37;12;8438;52;6;4;0;10445
2021;PORDENONE;0;635;173;125;15;21231;18;64;94;0;22355
2021;IMPERIA;1;1780;250;27;1;13247;8;12;4;0;15330
2021;SAVONA;0;1808;301;115;4;18937;19;27;22;0;21233
2021;GENOVA;0;5499;1014;356;171;32513;118;52;79;1;39803
2021;LA SPEZIA;0;900;230;192;27;10333;18;11;15;0;11726
2021;PIACENZA;1;765;373;479;21;24400;28;54;148;1;26270
2021;PARMA;0;997;571;1414;38;31176;37;138;398;1;34770
2021;REGGIO EMILIA;0;1290;646;1516;485;39821;63;138;313;0;44272
2021;MODENA;0;1807;906;1752;98;51774;66;189;446;0;57038
2021;BOLOGNA;0;2563;1703;3471;111;54882;103;181;750;1;63765
2021;FERRARA;0;764;428;1126;28;22436;19;49;341;0;25191
2021;RAVENNA;0;988;582;1519;37;29077;31;91;390;1;32716
2021;FORLI'-CESENA;0;1075;501;1069;35;30578;24;87;355;0;33724
2021;RIMINI;0;949;446;897;18;20556;35;81;265;0;23247
2021;MASSA CARRARA;1;733;292;173;3;10898;13;19;19;0;12151
2021;LUCCA;0;1882;721;466;36;23860;10;55;60;1;27091
2021;PISTOIA;0;1097;433;290;16;18435;13;37;60;1;20382
2021;FIRENZE;3;6575;2108;4309;996;97920;473;233;763;1;113381
2021;LIVORNO;0;1534;394;250;36;17392;20;32;42;0;19700
2021;PISA;0;1431;544;583;41;26303;25;46;74;1;29048
2021;AREZZO;0;882;363;709;25;22675;21;42;135;0;24852
2021;SIENA;0;1295;471;395;35;20461;18;31;49;0;22755
2021;GROSSETO;0;914;337;203;22;18731;13;44;26;0;20290
2021;PRATO;0;1021;286;283;18;16915;18;56;73;1;18671
2021;PERUGIA;0;1846;537;1623;27;46335;26;74;333;2;50803
2021;TERNI;0;697;252;513;11;14416;20;23;99;1;16032
2021;PESARO E URBINO;0;853;352;1214;11;24846;12;83;263;0;27634
2021;ANCONA;0;926;312;1776;44;26648;36;103;446;0;30291
2021;MACERATA;0;865;268;1800;30;26985;22;81;503;0;30554
2021;ASCOLI PICENO;0;436;157;552;10;14318;15;26;136;0;15650
2021;FERMO;0;415;137;948;19;12722;4;37;259;0;14541
2021;VITERBO;0;780;318;174;24;22813;17;38;31;0;24195
2021;RIETI;0;506;194;146;4;11655;5;26;17;0;12553
2021;ROMA;3;11204;4169;3459;915;183133;780;613;914;40;205230
2021;LATINA;0;1707;494;541;37;41207;19;74;117;2;44198
2021;FROSINONE;0;1297;366;483;35;33217;32;52;77;5;35564
2021;L'AQUILA;0;961;235;290;7;24446;20;48;29;1;26037
2021;TERAMO;0;647;194;547;14;23805;15;21;136;0;25379
2021;PESCARA;0;737;225;431;17;20793;24;42;110;0;22379
2021;CHIETI;0;998;340;541;20;33191;17;64;134;1;35306
2021;CAMPOBASSO;0;581;155;428;10;20863;2;27;62;0;22128
2021;ISERNIA;0;349;86;92;1;10163;2;16;22;1;10732
2021;CASERTA;0;1976;488;500;23;44590;25;72;67;1;47742
2021;BENEVENTO;0;809;223;312;4;23462;11;22;35;2;24880
2021;NAPOLI;2;12196;2427;2105;122;128470;102;190;270;8;145892
2021;AVELLINO;1;1142;363;558;5;32713;11;31;59;1;34884
2021;SALERNO;0;3122;949;1242;64;72080;33;121;182;3;77796
2021;FOGGIA;0;1379;283;752;12;40191;6;19;147;2;42791
2021;BARI;1;1834;531;1659;85;62120;52;103;563;0;66948
2021;TARANTO;1;807;139;393;16;27028;15;31;85;2;28517
2021;BRINDISI;0;873;173;442;15;25681;19;53;79;1;27336
2021;LECCE;1;1799;475;1263;29;54413;45;106;199;1;58331
2021;BARLETTA TRANI;0;698;116;246;9;19972;21;13;73;0;21148
2021;POTENZA;0;907;204;400;19;31773;14;35;86;2;33440
2021;MATERA;0;427;64;155;16;16450;4;15;45;1;17177
2021;COSENZA;0;1888;240;396;27;54204;19;60;107;0;56941
2021;CATANZARO;0;1173;166;115;11;26777;11;39;27;0;28319
2021;REGGIO CALABRIA;0;1860;253;158;19;40670;19;46;22;2;43049
2021;CROTONE;0;545;43;43;6;15330;5;10;8;0;15990
2021;VIBO VALENTIA;0;636;69;27;5;13587;1;15;4;0;14344
2021;TRAPANI;1;1664;164;48;21;37233;26;38;18;0;39213
2021;PALERMO;11;5798;750;367;52;61013;21;89;56;3;68160
2021;MESSINA;0;3081;406;203;18;40818;21;39;39;1;44626
2021;AGRIGENTO;1;1377;195;64;5;35634;7;25;7;1;37316
2021;CALTANISSETTA;0;826;113;64;11;16439;4;10;2;2;17471
2021;ENNA;0;721;113;21;13;11500;2;5;3;0;12378
2021;CATANIA;0;3943;603;632;131;84939;122;106;80;4;90560
2021;RAGUSA;0;885;257;229;17;28641;15;29;26;2;30101
2021;SIRACUSA;0;1167;217;152;16;28087;19;20;21;1;29700
2021;SASSARI;0;1737;292;28;35;41131;24;34;1;1;43283
2021;NUORO;0;983;78;5;16;23422;5;16;1;0;24526
2021;CAGLIARI;0;1494;257;15;75;28305;34;34;4;3;30221
2021;ORISTANO;0;681;81;3;9;14421;7;9;0;0;15211
2021;NON DEFINITO;0;307;9;8;0;1504;0;0;0;511;2339
2021;SUD SARDEGNA;2;1473;244;15;12;29015;6;16;1;0;30784